-- phpMyAdmin SQL Dump
-- version 3.5.2.2
-- http://www.phpmyadmin.net
--
-- Host: 127.0.0.1
-- Generation Time: Oct 25, 2015 at 05:47 AM
-- Server version: 5.5.27
-- PHP Version: 5.4.7

SET SQL_MODE="NO_AUTO_VALUE_ON_ZERO";
SET time_zone = "+00:00";


/*!40101 SET @OLD_CHARACTER_SET_CLIENT=@@CHARACTER_SET_CLIENT */;
/*!40101 SET @OLD_CHARACTER_SET_RESULTS=@@CHARACTER_SET_RESULTS */;
/*!40101 SET @OLD_COLLATION_CONNECTION=@@COLLATION_CONNECTION */;
/*!40101 SET NAMES utf8 */;

--
-- Database: `testwebedu`
--

-- --------------------------------------------------------

--
-- Table structure for table `tbl_forum`
--

CREATE TABLE IF NOT EXISTS `tbl_forum` (
  `ID` int(11) NOT NULL AUTO_INCREMENT,
  `PENGIRIM` int(11) NOT NULL,
  `JUDUL` varchar(255) NOT NULL,
  `TGL_INPUT` date NOT NULL,
  `DESKRIPSI` text NOT NULL,
  `URL` varchar(255) NOT NULL,
  `STATUS` tinyint(1) NOT NULL,
  PRIMARY KEY (`ID`)
) ENGINE=InnoDB  DEFAULT CHARSET=latin1 AUTO_INCREMENT=9 ;

--
-- Dumping data for table `tbl_forum`
--

INSERT INTO `tbl_forum` (`ID`, `PENGIRIM`, `JUDUL`, `TGL_INPUT`, `DESKRIPSI`, `URL`, `STATUS`) VALUES
(5, 14, 'Tanya Remote Server', '2015-10-22', '<p>minta pendapat/sharing y om<br /> sy buat sebuah web,,nanti nya ada front dan backend,,dan rencananya yg sy jual itu frontnya<br /> kemudian backendnya sy taruh di server A kemudian front nya nanti kan di server masing2 karena beli hosting dan domain sendiri2,,,jadi kalau mau login ya melalui server A,,edit,,update,,delete y di server A.,karena databasenya ikut server A semua..<br /> 1. bisa tidak servernya front ini remote mysql ke server A,,apakah semua hosting memperbolehkan itu..<br /> 2. hosting yg menyediakan remote Mysql yg bagus dmn om,,mungkin sdh ada yg pakai ?</p>', 'tanya-remote-server', 1),
(6, 15, 'Share Pembelajaran PDO OOP', '2015-10-22', '<p>Master ijin Share... buat yang baru mau menggunakan framework php (kayak ane), bisa kita sedikit mengenal dulu dasar dari PHP OOP, ane udah rangkum materi PHP OOP + implementasi coding sampai 6 tahap.. setidaknya dengan mengetahui dasarnya kita bisa lebih paham dalam penggunaan framwork PHP nanti <em class="_4-k1 img sp_fM-mz8spZ1b sx_5371b4"><span style="text-decoration: underline;">smile emotikon</span></em>....</p>\r\n<p>1. Konsep Dasar Pemrograman Web Berorientasi Object <br /> 2. Teknik OOP Inheritance, Override dan Enkapsulasi<br /> 3. Teknik OOP Constructor, Destructor, Overloading <span class="text_exposed_show"><br /> 4. Teknik OOP Static, Konstanta Class dan Final Class<br /> 5. Teknik OOP Abstract, Object Interface dan Polimorfisme<br /> 6. CRUD PHP OOP PDO</span></p>\r\n<p>di tahap 6 nanti ada implementasi dari CRUD PHP OOP menggunakan PDO.</p>\r\n<p>Intinya setiap tahap ada implementasi coding masing"...</p>\r\n<p>Semoga share dari materi-it ini bermanfaat, amin</p>', 'share-pembelajaran-pdo-oop', 1),
(8, 18, 'Script Phyton dijalankan dengan command Line', '2015-10-22', '<p>maaf kalau agak oot bagaimana ya cara membuat script python yang di jalankan dengan comand line contohnya<br /> python nama.py -n namaku</p>\r\n<p>dan outputnya "hallo namaku"</p>\r\n<div class="text_exposed_show">\r\n<p>nantinya mau dijalankan dengan php shel_exec() , thx</p>\r\n</div>', 'script-phyton-dijalankan-dengan-command-line', 1);

-- --------------------------------------------------------

--
-- Table structure for table `tbl_guru`
--

CREATE TABLE IF NOT EXISTS `tbl_guru` (
  `ID` int(11) NOT NULL AUTO_INCREMENT,
  `NIP` varchar(50) NOT NULL,
  `NAMA` varchar(50) NOT NULL,
  `JABATAN` int(2) NOT NULL,
  `ALAMAT` text NOT NULL,
  `JENIS_KELAMIN` int(1) NOT NULL,
  `TGL_LAHIR` date NOT NULL,
  `NO_HP` varchar(13) NOT NULL,
  `EMAIL` varchar(50) NOT NULL,
  `IMAGE` varchar(100) NOT NULL,
  `THUMBNAIL` varchar(100) NOT NULL,
  `LEVEL` tinyint(1) NOT NULL,
  `STATUS` tinyint(1) NOT NULL,
  PRIMARY KEY (`ID`)
) ENGINE=InnoDB  DEFAULT CHARSET=latin1 AUTO_INCREMENT=20 ;

--
-- Dumping data for table `tbl_guru`
--

INSERT INTO `tbl_guru` (`ID`, `NIP`, `NAMA`, `JABATAN`, `ALAMAT`, `JENIS_KELAMIN`, `TGL_LAHIR`, `NO_HP`, `EMAIL`, `IMAGE`, `THUMBNAIL`, `LEVEL`, `STATUS`) VALUES
(14, '1710201501', 'Andi Rohandi', 1, '<p>Cibaligo Timur</p>', 1, '2015-10-25', '089690428099', 'andirohandi.android@gmail.com', 'uploads/images/tumblr_mvbw7oM4wo1qiv8nio1_500.jpg', 'uploads/thumbnails/tumblr_mvbw7oM4wo1qiv8nio1_500_thumb.jpg', 2, 1),
(15, '1710201502', 'Ejang Nurjaman', 2, '<p>Pasir Koja</p>', 1, '2015-10-25', '089690428099', 'andicangkir@yahoo.com', 'uploads/images/no_image3.png', 'uploads/thumbnails/no_image3_thumb.png', 2, 1),
(16, '1710201503', 'Kusnadi', 3, '<p>Kiara Condong</p>', 1, '2015-10-25', '089690428099', 'andirohandi.android@gmail.com', 'uploads/images/no_image4.png', 'uploads/thumbnails/no_image4_thumb.png', 2, 1),
(17, '1710201504', 'Siti Rahmawati Ramadhani', 6, '<p>Rancaekek Bandung</p>', 0, '2015-10-18', '089690428099', 'andirohandi.android@gmail.com', 'uploads/images/tumblr_mvbw7oM4wo1qiv8nio1_5001.jpg', 'uploads/thumbnails/tumblr_mvbw7oM4wo1qiv8nio1_5001_thumb.jpg', 2, 1),
(18, '1710201505', 'Fentry Ratna Suci', 5, '<p>Tasik</p>', 0, '2015-10-25', '085654852154', 'andirohandi.android@gmail.com', 'uploads/images/no_image5.png', 'uploads/thumbnails/no_image5_thumb.png', 2, 1),
(19, '1710201506', 'Dani Nugrahadi', 1, '<p>Kiara Condong</p>', 1, '2015-10-25', '058695245218', 'andr0@yahoo.com', 'uploads/images/no_image6.png', 'uploads/thumbnails/no_image6_thumb.png', 2, 1);

-- --------------------------------------------------------

--
-- Table structure for table `tbl_jabatan`
--

CREATE TABLE IF NOT EXISTS `tbl_jabatan` (
  `ID` int(11) NOT NULL AUTO_INCREMENT,
  `JABATAN` varchar(50) NOT NULL,
  `STATUS` tinyint(1) NOT NULL,
  PRIMARY KEY (`ID`)
) ENGINE=InnoDB  DEFAULT CHARSET=latin1 AUTO_INCREMENT=7 ;

--
-- Dumping data for table `tbl_jabatan`
--

INSERT INTO `tbl_jabatan` (`ID`, `JABATAN`, `STATUS`) VALUES
(1, 'Guru IPA ', 1),
(2, 'Guru IPS', 1),
(3, 'Guru Bahasa', 1),
(5, 'Guru Olahraga', 1),
(6, 'Guru Sastra', 1);

-- --------------------------------------------------------

--
-- Table structure for table `tbl_komentar`
--

CREATE TABLE IF NOT EXISTS `tbl_komentar` (
  `ID` int(11) NOT NULL AUTO_INCREMENT,
  `KOMENTAR` text NOT NULL,
  `NO_INDUK` varchar(20) NOT NULL,
  `TGL_INPUT` date NOT NULL,
  `PENGIRIM` varchar(50) NOT NULL,
  `ID_FORUM` int(11) NOT NULL,
  `LEVEL` int(1) NOT NULL,
  `STATUS` int(1) NOT NULL,
  PRIMARY KEY (`ID`)
) ENGINE=InnoDB  DEFAULT CHARSET=latin1 AUTO_INCREMENT=29 ;

--
-- Dumping data for table `tbl_komentar`
--

INSERT INTO `tbl_komentar` (`ID`, `KOMENTAR`, `NO_INDUK`, `TGL_INPUT`, `PENGIRIM`, `ID_FORUM`, `LEVEL`, `STATUS`) VALUES
(17, 'Bs aja asal dikasih akses di dbnya sesuai ip address dr server front. Tp jgn di allow utk semua ip berbahaya. Bs jg pke vps sprti saran mas arie di atas klo budget cukup.\nAtau bs jg dg via API setiap transaksinya.', '10512002', '2015-10-22', 'Arief Indraswanto', 5, 3, 1),
(18, ' wew, membayangkan data yang berseliweran dijalur publik. kenapa frontnya gak sekalian ditaruh di satu server, jadi akses datanya setara localhost', '10512003', '2015-10-22', 'Ari Aryandi', 5, 3, 1),
(19, 'menghindari pemajakan script om,,awalnya memang semua sy kasihkan om,,y front dan backendnya,,\ntp nantinya frontnya sy kasihkan free ,tp kl mengaktifkan fitur premium harus udgrade dan bisa masuk ke backend untuk CRUD nya,,\natau mungkin ada solusi lain om,,', '10512001', '2015-10-22', 'Andi Rohandi', 5, 3, 1),
(20, 'API menjadi pertimbangan sy berikutnya om,,,mengingat projectnya sdh hampir 70%..kl memang hrs mengunakan API mungkin butuh waktu lagi,,,tapi terimakasih bnyk sarannya semua', '10512001', '2015-10-22', 'Andi Rohandi', 5, 3, 1),
(21, ' Apakah __destructor yang digunakan sudah memastikan bahwa objek yang sudah dihancurkan dengan unset($objek) benar2 hancur dari memori? Atau objek yang dihancurkan hanya disatu sisi saja? Dengan kata lain, kita tidak dapat mengakses objek tersebut lagi, tetapi objek tersebut masih tersimpan di dalam memori?\n\nKalau memang ketika kita memanggil unset($objek) dan __destructor langsung dieksekusi, apakah itu berarti semua referensi terhadap objek akan dihancurkan juga?\n\nJika penggunaan __destructor seperti yang dicontohkan pada link diatas, kemungkinan besar akan menyebabkan memory leak, jika data sudah lumayan akan sangat terasa.\n\nUntuk masukan...\nPenggunaan unset($var) dengan unset($objek) itu tidak sama. Dan ketika unset($objek) dijalankan, __destructor() tidak langsung dijalankan begitu saja, __destructor() akan dijalankan ketika akhir dari script php.', '10512002', '2015-10-22', 'Arief Indraswanto', 6, 3, 1),
(22, 'mas Hendro Pramana Sinaga Uruk, makasih masukannya smile emotikon, sebelumnya ane pernah tanyakan penggunaan real destructor ini pada forum php ini dan udah mendapatkan kesimpulan yang pas... function ___destructor() memang benar kata mas hendro, digunakan untuk mengeksekusi perintah method yang akan di jalankan pada akhir suatu program... perintah unset yang di contohnya bukan menandakan penggunaan destructor, tapi hanya menghilangkan object saja... karna PHP telah memiliki fitur Garbage Collection untuk penghapusan nilai secara otomatis, ketika object yang di buat selesai di eksekusi... untuk destructor realnya udah ane lampirkan di FULL source code PHP OOP, bisa di simak....', '10512003', '2015-10-22', 'Ari Aryandi', 6, 3, 1),
(23, 'gan kalo ane langsung skip blajar frameworknya, kayanya buruk ya', '10512001', '2015-10-22', 'Andi Rohandi', 6, 3, 1),
(28, 'mantaps', 'admin', '2015-10-22', 'admin', 8, 1, 1);

-- --------------------------------------------------------

--
-- Table structure for table `tbl_pencapaian`
--

CREATE TABLE IF NOT EXISTS `tbl_pencapaian` (
  `ID` int(11) NOT NULL AUTO_INCREMENT,
  `TAHUN` varchar(10) NOT NULL,
  `PENCAPAIAN` varchar(255) NOT NULL,
  `ID_SISWA` int(11) NOT NULL,
  PRIMARY KEY (`ID`)
) ENGINE=InnoDB  DEFAULT CHARSET=latin1 AUTO_INCREMENT=5 ;

--
-- Dumping data for table `tbl_pencapaian`
--

INSERT INTO `tbl_pencapaian` (`ID`, `TAHUN`, `PENCAPAIAN`, `ID_SISWA`) VALUES
(1, '2015', 'Lulus dari perguruan tinggu ITB', 9),
(3, '2012', 'Lulus dari SMA Negri 2 Parahyangan', 9),
(4, '2009', 'Lulus dari SMP Negri 2 Bandung', 9);

-- --------------------------------------------------------

--
-- Table structure for table `tbl_post`
--

CREATE TABLE IF NOT EXISTS `tbl_post` (
  `ID` int(11) NOT NULL AUTO_INCREMENT,
  `JUDUL` varchar(100) NOT NULL,
  `TGL_INPUT` date NOT NULL,
  `PENGIRIM` int(11) NOT NULL,
  `KATEGORI` tinyint(1) NOT NULL,
  `DESKRIPSI` text NOT NULL,
  `IMAGE` varchar(255) NOT NULL DEFAULT 'uploads/img/no_image.png',
  `THUMBNAIL` varchar(255) NOT NULL DEFAULT 'uploads/img/no_image.png',
  `URL` varchar(255) NOT NULL,
  `STATUS` tinyint(1) NOT NULL,
  PRIMARY KEY (`ID`)
) ENGINE=InnoDB  DEFAULT CHARSET=latin1 AUTO_INCREMENT=50 ;

--
-- Dumping data for table `tbl_post`
--

INSERT INTO `tbl_post` (`ID`, `JUDUL`, `TGL_INPUT`, `PENGIRIM`, `KATEGORI`, `DESKRIPSI`, `IMAGE`, `THUMBNAIL`, `URL`, `STATUS`) VALUES
(29, 'Karnaval Hardiknas 2015', '2015-10-18', 14, 1, '<p><span style="color: #000000; font-family: Arial, Helvetica, sans-serif; font-size: 13px; font-style: normal; font-variant: normal; font-weight: normal; letter-spacing: normal; line-height: normal; orphans: auto; text-align: start; text-indent: 0px; text-transform: none; white-space: normal; widows: 1; word-spacing: 0px; -webkit-text-stroke-width: 0px; display: inline !important; float: none;">&nbsp;&nbsp;&nbsp;&nbsp;&nbsp;&nbsp;&nbsp;&nbsp;&nbsp; Pada tanggal 10 Mei 2015, <strong>SMA NEGERI 2 BANDUNG</strong> berpartisipasi pada kegiatan Hardiknas di CFD Dago dengan menampilkan pesan pendidikan berkarakter, didampingi oleh ibu Hj. Suhastini, S.Pd. MM selaku Wakasek Kesiswaan dan tim guru pendamping besert para siswa dan siswi.</span></p>', 'uploads/images/1.jpg', 'uploads/thumbnails/1_thumb.jpg', 'karnaval-hardiknas-2015', 1),
(30, 'Hari Guru Nasional, Anies Canangkan Revolusi Mental bagi Guru', '2015-10-18', 15, 2, '<p style="color: #000000; font-family: Arial, Helvetica, sans-serif; font-size: 13px; font-style: normal; font-variant: normal; font-weight: normal; letter-spacing: normal; line-height: normal; orphans: auto; text-align: start; text-indent: 0px; text-transform: none; white-space: normal; widows: 1; word-spacing: 0px; -webkit-text-stroke-width: 0px;"><strong>JAKARTA, KOMPAS.com</strong>&nbsp;&mdash; Kementerian Pendidikan dan Kebudayaan memperingati Hari Guru Nasional (HGN) 2014 pada Selasa (25/11/2014) besok. Sang menteri, Anies Baswedan, menyebutkan bahwa hal ini akan dijadikan momen untuk mengimplementasikan revolusi mental.&nbsp;<br /><br />Tema HGN 2014 yang dibarengi dengan HUT Ke-69 Persatuan Guru Republik Indonesia (PGRI) tersebut, kata Anies, adalah "Mewujudkan Revolusi Mental Melalui Penguatan Peran Strategis Guru".&nbsp;<br /><br />"Sesuai arahan Presiden, revolusi mental adalah konsep peningkatan kualitas manusia demi memajukan Republik Indonesia," ujar Anies melalui siaran pers jelang HGN, Senin (24/11/2014).&nbsp;<br /><br />Anies mengatakan, sehebat apa pun suatu kelembagaan, selama ditangani oleh manusia yang salah kaprah soal pembangunan manusia, hal tersebut tak akan membawa kemajuan. Oleh sebab itu, sasaran yang difokuskan adalah peningkatan kualitas guru. Peningkatan kualitas guru akan menjadi fokus perhatian kementerian Anies pada tahun 2015.</p>\r\n<p style="color: #000000; font-family: Arial, Helvetica, sans-serif; font-size: 13px; font-style: normal; font-variant: normal; font-weight: normal; letter-spacing: normal; line-height: normal; orphans: auto; text-align: start; text-indent: 0px; text-transform: none; white-space: normal; widows: 1; word-spacing: 0px; -webkit-text-stroke-width: 0px;">Kepala Badan Sumber Daya Mutu Pendidikan dan Peningkatan Mutu Pendidikan Syawal Gultom mengatakan, program ini menitikberatkan pada penilaian kerja secara individu.&nbsp;<br /><br />"Sepanjang&nbsp;<em>milestone</em>&nbsp;pembinaan guru, yaitu sejak 2004, (pembinaan) belum memberikan kinerja guru yang maksimal. Penguatan layanan yang profesional berbasis individu mesti dilakukan," ujar dia.&nbsp;<br /><br />Sekadar informasi,&nbsp;<em>milestone</em>&nbsp;pembinaan para pengajar dimulai pada 2004 ketika guru dinyatakan sebagai sebuah profesi. Tahun 2006, hal tersebut dilanjutkan dengan sertifikasi. Tahun 2008, tunjangan profesi mulai dibayarkan.&nbsp;<br /><br />Peningkatan kualitas guru, lanjut Syawal, juga dilakukan dengan menambahkan pendidikan dan pelatihan tatap muka guru, baik secara langsung atau maupun&nbsp;<em>online.</em>&nbsp;Rencananya, program ini akan berlangsung bagi 3,2 juta guru yang tersebar di 207-an sekolah di penjuru Indonesia, mulai dari sekolah dasar hingga sekolah menengah atas.</p>\r\n<p><br style="color: #000000; font-family: Arial, Helvetica, sans-serif; font-size: 13px; font-style: normal; font-variant: normal; font-weight: normal; letter-spacing: normal; line-height: normal; orphans: auto; text-align: start; text-indent: 0px; text-transform: none; white-space: normal; widows: 1; word-spacing: 0px; -webkit-text-stroke-width: 0px;" /><br style="color: #000000; font-family: Arial, Helvetica, sans-serif; font-size: 13px; font-style: normal; font-variant: normal; font-weight: normal; letter-spacing: normal; line-height: normal; orphans: auto; text-align: start; text-indent: 0px; text-transform: none; white-space: normal; widows: 1; word-spacing: 0px; -webkit-text-stroke-width: 0px;" /><span style="color: #000000; font-family: Arial, Helvetica, sans-serif; font-size: 13px; font-style: normal; font-variant: normal; font-weight: normal; letter-spacing: normal; line-height: normal; orphans: auto; text-align: start; text-indent: 0px; text-transform: none; white-space: normal; widows: 1; word-spacing: 0px; -webkit-text-stroke-width: 0px; display: inline !important; float: none;">Pengirim : KOMPAS.com</span></p>', 'uploads/images/2.jpg', 'uploads/thumbnails/2_thumb.jpg', 'hari-guru-nasional,-anies-canangkan-revolusi-mental-bagi-guru', 1),
(31, 'Rapat Dinas 2015/2016', '2015-10-18', 16, 1, '<p><span style="color: #000000; font-family: Arial, Helvetica, sans-serif; font-size: 13px; font-style: normal; font-variant: normal; font-weight: normal; letter-spacing: normal; line-height: normal; orphans: auto; text-align: start; text-indent: 0px; text-transform: none; white-space: normal; widows: 1; word-spacing: 0px; -webkit-text-stroke-width: 0px; display: inline !important; float: none;">&nbsp;&nbsp;&nbsp;&nbsp;&nbsp;&nbsp;&nbsp;&nbsp;&nbsp; Pada tanggal 10 Agustus 2015, diadakan Rapat Dinas 2015/2016 yang dibuka oleh Ibu Dr. Hj. Sundari, M.Pd. selaku Kepala Sekolah. Beliau mengevaluasi hasil kerja 1 tahun kebelakang begitu pun Bpk. H. Solihin, M.Pd (Wakasek Kurikulum). memberikan penjelasan mengenai pembagian ketua MGMP masing - masing mata pelajaran angkatan 2015/2016. Adapun Ibu Hj. Suhastini, S.Pd. MM. (Wakasek Kesiswaan) menjelaskan mengenai ketertiban dan kedisiplinan siswa/siswi untuk lebih ditingkatkan. Sarana Prasarana sekolah pun ikut diterangkan Ibu Dra. Hj. Poppie K., M.Pd (Wakasek Sarana) dan ditutup oleh Ibu Dra. Enung Nurhayati selaku Wakasek Humas.</span></p>', 'uploads/images/3.jpg', 'uploads/thumbnails/3_thumb.jpg', 'rapat-dinas-2015/2016', 1),
(32, 'Olimpiade Sains Nasional XII tahun 2013', '2015-10-18', 17, 2, '<p>Pemerintah Indonesia dalam hal ini Kementerian Pendidikan dan Kebudayaan (Kemdikbud) terus berupaya memberikan wadah dan kesempatan kepada para peserta didik dan pendidik dari seluruh Indonesia untuk terus berprestasi dan meningkatkan kemampuan di bidang Sains.</p>\r\n<p>&nbsp;</p>\r\n<p>Olimpiade Sains Nasional (OSN) tahun 2013 kembali dilaksanakan sebagai salah satu wadah yang disediakan Kemdikbud yang pelaksanaan kali ini diselenggarakan di Bandung, Jawa Barat, pada 2-8 September 2013.</p>\r\n<p>&nbsp;</p>\r\n<p>&nbsp;OSN Siswa&nbsp;yang ke-12 dan OSN Guruyang ke-3 ini bertemakan &lsquo;Menyiapkan generasi emas yang cerdas, kompetitif, dan berkarakter&rdquo;, OSN 2013 ini diikuti oleh peserta didik dan pendidik di tingkat SD, SMP, SMA, SMK, PKLK Dikdas, PKLK Dikmen, dan Guru.&nbsp;Keikutsertaan unsur guru pada ajang olimpiade di tiga tahun terakhir ini, diharapkan dapat memberikan manfaat lebih banyak dalam memberikan kontribusi peningkatan mutu penyelenggaraan OSN Tahun 2013 ini. Kualitas guru adalah kunci utama dalam upaya peningkatan mutu pendidikan.</p>\r\n<p>&nbsp;</p>\r\n<p>Pencapaian prestasi di OSN juga mencerminkan perkembangan mutu pembangunan pendidikan nasional. Penyelenggaraan OSN setiap tahun diharapkan dapat mendorong peningkatan mutu pendidikan nasional dari tahun ke tahun. Antusiasme dan prestasi peserta didik di OSN cukup menggembirakan. Telah banyak peserta didik ynag berprestasi di OSN berhasil meraih prestasi yang membanggakan pada ajang kompetisi olimpiade internasional. OSN dengan demikian terbukti mampu melahirkan pelajar-pelajar yang mampu bersaing dengan bangsa manapun dalam penguasaan Sains.</p>\r\n<p>&nbsp;</p>\r\n<p>Adapun mekanisme seleksi OSN dilaksanakan secara berjenjang mulai dari seleksi tingkat sekolah, kabupaten/kota, provinsi, nasional, hingga terus diikutsertakan dalam kompetisi sains tingkat internasional.</p>\r\n<p>&nbsp;</p>\r\n<p>Penyelenggaraan OSN ini pun disertai dengan kegiatan&nbsp;Wisata Edukasi yang akan diikuti oleh seluruh peserta&nbsp;yang tujuannya&nbsp;untuk menambah&nbsp;wawasan peserta tentang potensi pariwisata di Jawa Barat, dan juga kegiatan Seminar Pendidikan untuk guru dengan tema<em>&ldquo;Melalui Olimpiade Sains Nasional membangun sikap, keterampilan dan</em><em>pengembangan ilmu pengetahuan sebagai sarana berpikir kritis dan kreatif untuk meningkatkan inovasi peserta didik</em><em>&nbsp;dan pendidik&ldquo;.</em></p>\r\n<p><br /><br />Pengirim : Sumber: Panduan OSN 2013 dan bahan Siaran Pers</p>', 'uploads/images/4.jpg', 'uploads/thumbnails/4_thumb.jpg', 'olimpiade-sains-nasional-xii-tahun-2013', 1),
(33, 'Halal Bihalal 2015', '2015-10-18', 18, 1, '<p><span style="color: #000000; font-family: Arial, Helvetica, sans-serif; font-size: 13px; font-style: normal; font-variant: normal; font-weight: normal; letter-spacing: normal; line-height: normal; orphans: auto; text-align: start; text-indent: 0px; text-transform: none; white-space: normal; widows: 1; word-spacing: 0px; -webkit-text-stroke-width: 0px; display: inline !important; float: none;">"Dengan semangat silaturahmi, kita tingkatkan kinerja maksimal", itulah yang dikatakan oleh Drs. H. Oded M Danial (Wakil Wali Kota Bandung) selaku Penerjemah yang di dampingi oleh Ibu Siti Muntamah (Istri), dalam acara Halal Bihalal guru beserta karyawan, pada tanggal 27 Juli 2015. Alhamdulilah acara ini berjalan dengan khidmat. Dalam acara ini pun mengundang mantan kepala sekolah, komite, guru yang purna bhakti.</span></p>', 'uploads/images/6.jpg', 'uploads/thumbnails/6_thumb.jpg', 'halal-bihalal-2015', 1),
(34, 'Lingkungan Sekolah yang Nyaman Memacu Siswa Untuk Berprestasi', '2015-10-18', 19, 2, '<p style="color: #000000; font-family: Arial, Helvetica, sans-serif; font-size: 13px; font-style: normal; font-variant: normal; font-weight: normal; letter-spacing: normal; line-height: normal; orphans: auto; text-indent: 0px; text-transform: none; white-space: normal; widows: 1; word-spacing: 0px; -webkit-text-stroke-width: 0px; text-align: justify;"><span style="color: #000000;">Mungkin sudah banyak penelitian tentang &ldquo;Hubungan Antara Prestasi Siswa dengan Lingkungan Belajarnya&rdquo;, tapi sedikit sekali penerapannya di Indonesia. Bahkan pemerintah sendiri sangat kurang memahami akan kebutuhan generasi penerus mereka ini. Entah kurang memahami atau mungkin sibuk dengan urusan pribadi mereka masing-masing?</span></p>\r\n<p style="color: #000000; font-family: Arial, Helvetica, sans-serif; font-size: 13px; font-style: normal; font-variant: normal; font-weight: normal; letter-spacing: normal; line-height: normal; orphans: auto; text-indent: 0px; text-transform: none; white-space: normal; widows: 1; word-spacing: 0px; -webkit-text-stroke-width: 0px; text-align: justify;"><span style="color: #000000;">Melirik sekolah-sekolah di negara tetangga kita, sebut saja di Singapura, Malaysia, atau Australia, tentunya kita sudah ketinggalan jauh dengan fasilitas dan lingkungan sekolah mereka yang nyaman. Terlebih, siswa di sana juga mendapatkan kewajiban yang mengikat untuk sama-sama merawat lingkungan di sekitar sekolah. Mungkin itu sebabnya siswa-siswi di negara-negara tetangga kita lebih berkualitas secara rata-rata daripada di Indonesia.</span></p>\r\n<p style="color: #000000; font-family: Arial, Helvetica, sans-serif; font-size: 13px; font-style: normal; font-variant: normal; font-weight: normal; letter-spacing: normal; line-height: normal; orphans: auto; text-indent: 0px; text-transform: none; white-space: normal; widows: 1; word-spacing: 0px; -webkit-text-stroke-width: 0px; text-align: justify;"><span style="color: #000000;">Jika kita mencari korelasi antara lingkungan sekolah yang nyaman dengan prestasi siswa di sekolah, maka didapatlah fakta bahwa proses belajar mengajar itu memerlukan ruang dan lingkungan pendukung untuk dapat membantu siswa dan guru agar dapat berkonsentrasi dalam belajar. Mengapa begitu? Karena belajar memerlukan kondisi psikologi yang mendukung. Jika para siswa belajar dalam kondisi yang menyenangkan dengan kelas yang bersih, udara yang bersih, dan sedikit polusi suara, niscaya tingkat prestasi para siswa juga akan naik.</span></p>\r\n<p style="color: #000000; font-family: Arial, Helvetica, sans-serif; font-size: 13px; font-style: normal; font-variant: normal; font-weight: normal; letter-spacing: normal; line-height: normal; orphans: auto; text-indent: 0px; text-transform: none; white-space: normal; widows: 1; word-spacing: 0px; -webkit-text-stroke-width: 0px; text-align: justify;"><strong><span style="color: #000000;">Lingkungan Pekarangan Sekolah yang Nyaman</span></strong></p>\r\n<p style="color: #000000; font-family: Arial, Helvetica, sans-serif; font-size: 13px; font-style: normal; font-variant: normal; font-weight: normal; letter-spacing: normal; line-height: normal; orphans: auto; text-indent: 0px; text-transform: none; white-space: normal; widows: 1; word-spacing: 0px; -webkit-text-stroke-width: 0px; text-align: justify;"><span style="color: #000000;">Bagi para siswa, tentunya kegiatan belajar mengajar memerlukan lingkungan pekarangan sekolah yang nyaman, bersih, dan cukup pepohonan. Tidak itu saja, bagi para siswa di tingkat Sekolah Dasar dan Taman Kanak-Kanak, lingkungan dengan taman bermain yang tercukupi akan membuat tumbuh kembang anak menjadi baik dan menyenangkan. Hal ini juga sesuai dengan dasar-dasar pendidikan yang memang dibutuhkan oleh siswa. Bukankah lebih baik bermain-main sambil belajar, daripada belajar sambil main-main?</span></p>\r\n<p style="color: #000000; font-family: Arial, Helvetica, sans-serif; font-size: 13px; font-style: normal; font-variant: normal; font-weight: normal; letter-spacing: normal; line-height: normal; orphans: auto; text-indent: 0px; text-transform: none; white-space: normal; widows: 1; word-spacing: 0px; -webkit-text-stroke-width: 0px; text-align: justify;"><strong><span style="color: #000000;">&nbsp;</span></strong></p>\r\n<p style="color: #000000; font-family: Arial, Helvetica, sans-serif; font-size: 13px; font-style: normal; font-variant: normal; font-weight: normal; letter-spacing: normal; line-height: normal; orphans: auto; text-indent: 0px; text-transform: none; white-space: normal; widows: 1; word-spacing: 0px; -webkit-text-stroke-width: 0px; text-align: justify;"><strong><span style="color: #000000;">Apa saja<span class="Apple-converted-space">&nbsp;</span></span></strong><strong><span style="color: #000000;">syarat-syarat lingkungan sekolah yang nyaman?</span></strong></p>\r\n<p style="color: #000000; font-family: Arial, Helvetica, sans-serif; font-size: 13px; font-style: normal; font-variant: normal; font-weight: normal; letter-spacing: normal; line-height: normal; orphans: auto; text-indent: 0px; text-transform: none; white-space: normal; widows: 1; word-spacing: 0px; -webkit-text-stroke-width: 0px; text-align: justify;"><strong><span style="color: #000000;">1.<span class="Apple-converted-space">&nbsp;</span></span></strong><strong><span style="color: #000000;">Lapangan bermain</span></strong></p>\r\n<p style="color: #000000; font-family: Arial, Helvetica, sans-serif; font-size: 13px; font-style: normal; font-variant: normal; font-weight: normal; letter-spacing: normal; line-height: normal; orphans: auto; text-indent: 0px; text-transform: none; white-space: normal; widows: 1; word-spacing: 0px; -webkit-text-stroke-width: 0px; text-align: justify;"><span style="color: #000000;">Fasilitas lapangan bermain adalah sesuatu hal yang sangat penting bagi kegiatan belajar mengajar di sekolah, khususnya yang berhubungan dengan ketangkasan dan pendidikan jasmani. Selain itu lapangan bermain juga dapat digunakan untuk kegiatan bermain siswa, kegiatan upacara/apel pagi, dan kegiatan perayaan/pentas seni yang memerlukan tempat yang luas.</span></p>\r\n<p style="color: #000000; font-family: Arial, Helvetica, sans-serif; font-size: 13px; font-style: normal; font-variant: normal; font-weight: normal; letter-spacing: normal; line-height: normal; orphans: auto; text-indent: 0px; text-transform: none; white-space: normal; widows: 1; word-spacing: 0px; -webkit-text-stroke-width: 0px; text-align: justify;"><strong><span style="color: #000000;">2.<span class="Apple-converted-space">&nbsp;</span></span></strong><strong><span style="color: #000000;">Pepohonan rindang</span></strong></p>\r\n<p style="color: #000000; font-family: Arial, Helvetica, sans-serif; font-size: 13px; font-style: normal; font-variant: normal; font-weight: normal; letter-spacing: normal; line-height: normal; orphans: auto; text-indent: 0px; text-transform: none; white-space: normal; widows: 1; word-spacing: 0px; -webkit-text-stroke-width: 0px; text-align: justify;"><span style="color: #000000;">Semakin pesatnya pertumbuhan sebuah daerah menyebabkan pepohonan rindang habis ditebangi untuk dijadikan bangunan, terlebih jika harga tanah ikut melonjak naik. Inilah yang menjadikan jumlah oksigen berkurang. Oksigen adalah salah satu pendukung kecerdasan anak. Kadar oksigen yang sedikit pada manusia akan menyebabkan suplai darah ke otak menjadi lambat, padahal nutrisi yang kita makan sehari-hari disampaikan oleh darah ke seluruh tubuh kita. Karena itulah dibutuhkan banyaknya pohon rindang di lingkungan pekarangan sekolah dan lingkungan sekitar sekolah.</span></p>\r\n<p style="color: #000000; font-family: Arial, Helvetica, sans-serif; font-size: 13px; font-style: normal; font-variant: normal; font-weight: normal; letter-spacing: normal; line-height: normal; orphans: auto; text-indent: 0px; text-transform: none; white-space: normal; widows: 1; word-spacing: 0px; -webkit-text-stroke-width: 0px; text-align: justify;"><strong><span style="color: #000000;">3.<span class="Apple-converted-space">&nbsp;</span></span></strong><strong><span style="color: #000000;">Sistem sanitasi dan sumur resapan air</span></strong></p>\r\n<p style="color: #000000; font-family: Arial, Helvetica, sans-serif; font-size: 13px; font-style: normal; font-variant: normal; font-weight: normal; letter-spacing: normal; line-height: normal; orphans: auto; text-indent: 0px; text-transform: none; white-space: normal; widows: 1; word-spacing: 0px; -webkit-text-stroke-width: 0px; text-align: justify;"><span style="color: #000000;">Sistem sanitasi yang baik adalah syarat terpenting sebuah lingkungan layak untuk ditinggali. Dengan sistem sanitasi yang bersih, maka seluruh warga sekolah akan dapat lebih tenang dalam mengadakan proses belajar mengajar. Selain itu diperlukan juga sistem sumur resapan air untuk mengaliri air hujan agar tidak menjadi genangan air yang dapat menjadikan kotor lingkungan sekolah, atau bahkan membahayakan apabila didiami oleh jentik-jentik nyamuk.</span></p>\r\n<p style="color: #000000; font-family: Arial, Helvetica, sans-serif; font-size: 13px; font-style: normal; font-variant: normal; font-weight: normal; letter-spacing: normal; line-height: normal; orphans: auto; text-indent: 0px; text-transform: none; white-space: normal; widows: 1; word-spacing: 0px; -webkit-text-stroke-width: 0px; text-align: justify;"><strong><span style="color: #000000;">4.<span class="Apple-converted-space">&nbsp;</span></span></strong><strong><span style="color: #000000;">Tempat pembuangan sampah</span></strong></p>\r\n<p style="color: #000000; font-family: Arial, Helvetica, sans-serif; font-size: 13px; font-style: normal; font-variant: normal; font-weight: normal; letter-spacing: normal; line-height: normal; orphans: auto; text-indent: 0px; text-transform: none; white-space: normal; widows: 1; word-spacing: 0px; -webkit-text-stroke-width: 0px; text-align: justify;"><span style="color: #000000;">Sampah adalah salah satu musuh utama yang mempengaruhi kemajuan suatu peradaban. Semakin bersih suatu tempat, maka semakin beradab pula orang-orang di tempat itu. Terbukti dari kesadaran penduduk-penduduk di negara maju yang sadar untuk tidak membuang sampah sembarangan. Dalam masalah sampah di sekolah, perlunya ditumbuhkan kesadaran bagi seluruh warga sekolah untuk turut menjaga lingkungan. Caranya adalah dengan menyediakan tempat pembuangan sampah berupa tong-tong sampah dan tempat pengumpulan sampah akhir di sekolah, dan memberikan contoh kepada siswa untuk selalu membuang sampah pada tempatnya.</span></p>\r\n<p style="color: #000000; font-family: Arial, Helvetica, sans-serif; font-size: 13px; font-style: normal; font-variant: normal; font-weight: normal; letter-spacing: normal; line-height: normal; orphans: auto; text-indent: 0px; text-transform: none; white-space: normal; widows: 1; word-spacing: 0px; -webkit-text-stroke-width: 0px; text-align: justify;"><strong><span style="color: #000000;">5.<span class="Apple-converted-space">&nbsp;</span></span></strong><strong><span style="color: #000000;">Lingkungan sekitar sekolah yang mendukung</span></strong></p>\r\n<p style="color: #000000; font-family: Arial, Helvetica, sans-serif; font-size: 13px; font-style: normal; font-variant: normal; font-weight: normal; letter-spacing: normal; line-height: normal; orphans: auto; text-indent: 0px; text-transform: none; white-space: normal; widows: 1; word-spacing: 0px; -webkit-text-stroke-width: 0px; text-align: justify;"><span style="color: #000000;">Adanya kasus di beberapa daerah, misalnya lingkungan sekolah yang dekat dengan pabrik yang bising dan berpolusi udara, atau lingkungan sekolah yang berada di pinggir jalan raya yang selalu padat, atau bahkan lingkungan sekolah yang letaknya berdekatan dengan tempat pembuangan sampah atau sungai yang tercemar sampah sehingga menimbulkan ketidaknyamanan akibat bau-bau tak sedap. Kasus-kasus tersebut adalah kasus yang perlu penanganan langsung dan serius dari pemerintah. Lingkungan sekitar sekolah yang seperti itu akan dapat menyebabkan siswa cenderung tidak nyaman belajar, atau bahkan penurunan kualitas kecerdasan akibat polusi tersebut. Karena itulah sudah saatnya pemerintah memperhatikan generasi penerusnya ini, karena beberapa kasus terjadi malah diakibatkan pemerintah itu sendiri. Contohnya, sebuah sekolah yang sudah berada di lingkungan yang mendukung, tapi tiba-tiba harus merasakan imbas dari pembangunan proyek di sekitar sekolah itu akibat pemerintah yang tidak mengindahkan sistem tata kota yang sudah ada.</span></p>\r\n<p style="color: #000000; font-family: Arial, Helvetica, sans-serif; font-size: 13px; font-style: normal; font-variant: normal; font-weight: normal; letter-spacing: normal; line-height: normal; orphans: auto; text-indent: 0px; text-transform: none; white-space: normal; widows: 1; word-spacing: 0px; -webkit-text-stroke-width: 0px; text-align: justify;"><strong><span style="color: #000000;">6.<span class="Apple-converted-space">&nbsp;</span></span></strong><strong><span style="color: #000000;">Bangunan sekolah yang kokoh dan sehat</span></strong></p>\r\n<p style="color: #000000; font-family: Arial, Helvetica, sans-serif; font-size: 13px; font-style: normal; font-variant: normal; font-weight: normal; letter-spacing: normal; line-height: normal; orphans: auto; text-indent: 0px; text-transform: none; white-space: normal; widows: 1; word-spacing: 0px; -webkit-text-stroke-width: 0px; text-align: justify;"><span style="color: #000000;">Banyak sekali adanya kasus tentang bangunan sekolah yang roboh di Indonesia. Entah itu karena bangunannya sudah tua, ataupun bangunan baru yang dibangun dengan asal-asalan. Ini juga adalah kewajiban pemerintah untuk mengatasinya. Karena bangunan sekolah sudah semestinya dibangun dengan kokoh dan memiliki syarat-syarat bangunan yang sehat, seperti ventilasi yang cukup dan luas masing-masing ruang kelas yang ideal.</span></p>\r\n<p style="color: #000000; font-family: Arial, Helvetica, sans-serif; font-size: 13px; font-style: normal; font-variant: normal; font-weight: normal; letter-spacing: normal; line-height: normal; orphans: auto; text-indent: 0px; text-transform: none; white-space: normal; widows: 1; word-spacing: 0px; -webkit-text-stroke-width: 0px; text-align: justify;"><span style="color: #000000;">Mungkin banyak sekali &nbsp;syarat-syarat lingkungan sekolah yang nyaman, tapi keenam poin di atas sudah cukup untuk menjadikan suasana belajar dan mengajar yang menyenangkan bagi siswa dan gurunya.</span></p>\r\n<p style="color: #000000; font-family: Arial, Helvetica, sans-serif; font-size: 13px; font-style: normal; font-variant: normal; font-weight: normal; letter-spacing: normal; line-height: normal; orphans: auto; text-indent: 0px; text-transform: none; white-space: normal; widows: 1; word-spacing: 0px; -webkit-text-stroke-width: 0px; text-align: justify;"><strong><span style="color: #000000;">Kesimpulan :</span></strong></p>\r\n<p style="color: #000000; font-family: Arial, Helvetica, sans-serif; font-size: 13px; font-style: normal; font-variant: normal; font-weight: normal; letter-spacing: normal; line-height: normal; orphans: auto; text-indent: 0px; text-transform: none; white-space: normal; widows: 1; word-spacing: 0px; -webkit-text-stroke-width: 0px; text-align: justify;"><span style="color: #000000;">Prestasi belajar di sekolah tidak hanya dipengaruhi oleh bagaimana anak-anak giat belajar dan dapat memahami pelajaran di sekolah, tapi juga kondisi lingkungan sekolahnya yang mendukung. Lingkungan sekolah yang nyaman dan bersih dapat mendukung tumbuh kembang anak secara optimal, anak-anak menjadi lebih sehat dan dapat berpikir secara jernih, sehingga dapat menjadi anak-anak yang cerdas dan kelak menjadi sumber daya manusia yang berkualitas.</span></p>\r\n<p><br style="color: #000000; font-family: Arial, Helvetica, sans-serif; font-size: 13px; font-style: normal; font-variant: normal; font-weight: normal; letter-spacing: normal; line-height: normal; orphans: auto; text-align: start; text-indent: 0px; text-transform: none; white-space: normal; widows: 1; word-spacing: 0px; -webkit-text-stroke-width: 0px;" /><br style="color: #000000; font-family: Arial, Helvetica, sans-serif; font-size: 13px; font-style: normal; font-variant: normal; font-weight: normal; letter-spacing: normal; line-height: normal; orphans: auto; text-align: start; text-indent: 0px; text-transform: none; white-space: normal; widows: 1; word-spacing: 0px; -webkit-text-stroke-width: 0px;" /><span style="color: #000000; font-family: Arial, Helvetica, sans-serif; font-size: 13px; font-style: normal; font-variant: normal; font-weight: normal; letter-spacing: normal; line-height: normal; orphans: auto; text-align: start; text-indent: 0px; text-transform: none; white-space: normal; widows: 1; word-spacing: 0px; -webkit-text-stroke-width: 0px; display: inline !important; float: none;">Pengirim : </span></p>', 'uploads/images/7.jpg', 'uploads/thumbnails/7_thumb.jpg', 'lingkungan-sekolah-yang-nyaman-memacu-siswa-untuk-berprestasi', 1);
INSERT INTO `tbl_post` (`ID`, `JUDUL`, `TGL_INPUT`, `PENGIRIM`, `KATEGORI`, `DESKRIPSI`, `IMAGE`, `THUMBNAIL`, `URL`, `STATUS`) VALUES
(35, 'Daftar Siswa Yang Diterima PTN (SNMPTN 2013)', '2015-10-18', 14, 1, '<table id="zebra-table.css" style="color: #000000; font-family: Arial, Helvetica, sans-serif; font-size: 13px; font-style: normal; font-variant: normal; font-weight: normal; letter-spacing: normal; line-height: normal; orphans: auto; text-align: start; text-indent: 0px; text-transform: none; white-space: normal; widows: 1; word-spacing: 0px; -webkit-text-stroke-width: 0px; width: 668px; height: 3493px;" cellspacing="0" cellpadding="0" align="center"><colgroup><col width="31" /><col width="90" /><col width="22" /><col width="280" /></colgroup>\r\n<tbody>\r\n<tr style="font-size: 12px; line-height: 18px; padding: 0px;" bgcolor="#416817">\r\n<td class="xl69" style="font-size: 12px; line-height: 18px; padding: 0px; border: 1px solid #878787; width: 31px; height: 33px;">No.</td>\r\n<td class="xl70" style="font-size: 12px; line-height: 18px; padding: 0px;" width="90">NO.PENDAFTARAN&nbsp;</td>\r\n<td class="xl69" style="font-size: 12px; line-height: 18px; padding: 0px; border: 1px solid #878787; width: 302px;">NAMA SISWA&nbsp;</td>\r\n<td class="xl69" style="font-size: 12px; line-height: 18px; padding: 0px;" width="115">KELAS&nbsp;</td>\r\n<td class="xl69" style="font-size: 12px; line-height: 18px; padding: 0px;" width="234">PERGURUAN TINGGI NEGERI (PTN)</td>\r\n<td class="xl69" style="font-size: 12px; line-height: 18px; padding: 0px;" width="320">FAKULTAS/JURUSAN&nbsp;</td>\r\n</tr>\r\n<tr style="font-size: 12px; line-height: 18px; padding: 0px;" bgcolor="#DEDEDE">\r\n<td class="xl63" style="font-size: 12px; line-height: 18px; padding: 0px;" height="53">1</td>\r\n<td class="xl64" style="font-size: 12px; line-height: 18px; padding: 0px;" width="90">4130377790</td>\r\n<td class="xl68" style="font-size: 12px; line-height: 18px; padding: 0px;" width="280">DANIEL IVORY</td>\r\n<td class="xl64" style="font-size: 12px; line-height: 18px; padding: 0px;" width="115">IPA/XII IPA 1</td>\r\n<td class="xl65" style="font-size: 12px; line-height: 18px; padding: 0px;" width="234">INSTITUT TEKNOLOGI BANDUNG</td>\r\n<td class="xl65" style="font-size: 12px; line-height: 18px; padding: 0px;" width="320">FAKULTAS TEKNOLOGI INDUSTRI (FTI)</td>\r\n</tr>\r\n<tr style="font-size: 12px; line-height: 18px; padding: 0px;" bgcolor="#416817">\r\n<td class="xl63" style="font-size: 12px; line-height: 18px; padding: 0px;" height="53">2</td>\r\n<td class="xl64" style="font-size: 12px; line-height: 18px; padding: 0px;" width="90">4130586575</td>\r\n<td class="xl68" style="font-size: 12px; line-height: 18px; padding: 0px;" width="280">DARRYL YULFAR VIDYANTARA</td>\r\n<td class="xl64" style="font-size: 12px; line-height: 18px; padding: 0px;" width="115">IPA/XII IPA 1</td>\r\n<td class="xl65" style="font-size: 12px; line-height: 18px; padding: 0px;" width="234">INSTITUT TEKNOLOGI BANDUNG</td>\r\n<td class="xl65" style="font-size: 12px; line-height: 18px; padding: 0px;" width="320">FAKULTAS TEKNIK MESIN DAN DIRGANTARA (FTMD)</td>\r\n</tr>\r\n<tr style="font-size: 12px; line-height: 18px; padding: 0px;" bgcolor="#DEDEDE">\r\n<td class="xl63" style="font-size: 12px; line-height: 18px; padding: 0px;" height="53">3</td>\r\n<td class="xl64" style="font-size: 12px; line-height: 18px; padding: 0px;" width="90">4130676597</td>\r\n<td class="xl68" style="font-size: 12px; line-height: 18px; padding: 0px;" width="280">DESY TRIANTY HASANAH</td>\r\n<td class="xl64" style="font-size: 12px; line-height: 18px; padding: 0px;" width="115">IPA/XII IPA 1</td>\r\n<td class="xl65" style="font-size: 12px; line-height: 18px; padding: 0px;" width="234">UNIVERSITAS PADJADJARAN</td>\r\n<td class="xl65" style="font-size: 12px; line-height: 18px; padding: 0px;" width="320">BIOLOGI</td>\r\n</tr>\r\n<tr style="font-size: 12px; line-height: 18px; padding: 0px;" bgcolor="#416817">\r\n<td class="xl63" style="font-size: 12px; line-height: 18px; padding: 0px;" height="53">4</td>\r\n<td class="xl64" style="font-size: 12px; line-height: 18px; padding: 0px;" width="90">4130374596</td>\r\n<td class="xl68" style="font-size: 12px; line-height: 18px; padding: 0px;" width="280">ISNI ROFIANI</td>\r\n<td class="xl64" style="font-size: 12px; line-height: 18px; padding: 0px;" width="115">IPA/XII IPA 1</td>\r\n<td class="xl65" style="font-size: 12px; line-height: 18px; padding: 0px;" width="234">INSTITUT TEKNOLOGI BANDUNG</td>\r\n<td class="xl65" style="font-size: 12px; line-height: 18px; padding: 0px;" width="320">FAKULTAS TEKNOLOGI INDUSTRI (FTI)</td>\r\n</tr>\r\n<tr style="font-size: 12px; line-height: 18px; padding: 0px;" bgcolor="#DEDEDE">\r\n<td class="xl63" style="font-size: 12px; line-height: 18px; padding: 0px;" height="53">5</td>\r\n<td class="xl64" style="font-size: 12px; line-height: 18px; padding: 0px;" width="90">4130544819</td>\r\n<td class="xl68" style="font-size: 12px; line-height: 18px; padding: 0px;" width="280">MUHAMMAD ARIEF RACHMAN</td>\r\n<td class="xl64" style="font-size: 12px; line-height: 18px; padding: 0px;" width="115">IPA/XII IPA 1</td>\r\n<td class="xl65" style="font-size: 12px; line-height: 18px; padding: 0px;" width="234">INSTITUT TEKNOLOGI BANDUNG</td>\r\n<td class="xl65" style="font-size: 12px; line-height: 18px; padding: 0px;" width="320">FAKULTAS TEKNIK SIPIL DAN LINGKUNGAN (FTSL)</td>\r\n</tr>\r\n<tr style="font-size: 12px; line-height: 18px; padding: 0px;" bgcolor="#416817">\r\n<td class="xl63" style="font-size: 12px; line-height: 18px; padding: 0px;" height="53">6</td>\r\n<td class="xl64" style="font-size: 12px; line-height: 18px; padding: 0px;" width="90">4130433615</td>\r\n<td class="xl68" style="font-size: 12px; line-height: 18px; padding: 0px;" width="280">MUHAMMAD GARDA NAUFAL</td>\r\n<td class="xl64" style="font-size: 12px; line-height: 18px; padding: 0px;" width="115">IPA/XII IPA 1</td>\r\n<td class="xl65" style="font-size: 12px; line-height: 18px; padding: 0px;" width="234">INSTITUT TEKNOLOGI BANDUNG</td>\r\n<td class="xl65" style="font-size: 12px; line-height: 18px; padding: 0px;" width="320">FAKULTAS TEKNIK SIPIL DAN LINGKUNGAN (FTSL)</td>\r\n</tr>\r\n<tr style="font-size: 12px; line-height: 18px; padding: 0px;" bgcolor="#DEDEDE">\r\n<td class="xl63" style="font-size: 12px; line-height: 18px; padding: 0px;" height="53">7</td>\r\n<td class="xl64" style="font-size: 12px; line-height: 18px; padding: 0px;" width="90">4130749351</td>\r\n<td class="xl68" style="font-size: 12px; line-height: 18px; padding: 0px;" width="280">MUTHYA FARAH NUR AULIA</td>\r\n<td class="xl64" style="font-size: 12px; line-height: 18px; padding: 0px;" width="115">IPA/XII IPA 1</td>\r\n<td class="xl65" style="font-size: 12px; line-height: 18px; padding: 0px;" width="234">UNIVERSITAS PENDIDIKAN INDONESIA</td>\r\n<td class="xl65" style="font-size: 12px; line-height: 18px; padding: 0px;" width="320">PENDIDIKAN TATA BOGA</td>\r\n</tr>\r\n<tr style="font-size: 12px; line-height: 18px; padding: 0px;" bgcolor="#416817">\r\n<td class="xl63" style="font-size: 12px; line-height: 18px; padding: 0px;" height="53">8</td>\r\n<td class="xl64" style="font-size: 12px; line-height: 18px; padding: 0px;" width="90">4130338538</td>\r\n<td class="xl68" style="font-size: 12px; line-height: 18px; padding: 0px;" width="280">NISSA MARLINDA</td>\r\n<td class="xl64" style="font-size: 12px; line-height: 18px; padding: 0px;" width="115">IPA/XII IPA 1</td>\r\n<td class="xl65" style="font-size: 12px; line-height: 18px; padding: 0px;" width="234">INSTITUT TEKNOLOGI BANDUNG</td>\r\n<td class="xl65" style="font-size: 12px; line-height: 18px; padding: 0px;" width="320">SEKOLAH ILMU DAN TEKNOLOGI HAYATI - PROGRAM SAINS</td>\r\n</tr>\r\n<tr style="font-size: 12px; line-height: 18px; padding: 0px;" bgcolor="#DEDEDE">\r\n<td class="xl63" style="font-size: 12px; line-height: 18px; padding: 0px;" height="53">9</td>\r\n<td class="xl64" style="font-size: 12px; line-height: 18px; padding: 0px;" width="90">4130656737</td>\r\n<td class="xl68" style="font-size: 12px; line-height: 18px; padding: 0px;" width="280">RAHMAT DARMAWAN</td>\r\n<td class="xl64" style="font-size: 12px; line-height: 18px; padding: 0px;" width="115">IPA/XII IPA 1</td>\r\n<td class="xl65" style="font-size: 12px; line-height: 18px; padding: 0px;" width="234">UNIVERSITAS PADJADJARAN</td>\r\n<td class="xl65" style="font-size: 12px; line-height: 18px; padding: 0px;" width="320">PERIKANAN</td>\r\n</tr>\r\n<tr style="font-size: 12px; line-height: 18px; padding: 0px;" bgcolor="#416817">\r\n<td class="xl63" style="font-size: 12px; line-height: 18px; padding: 0px;" height="53">10</td>\r\n<td class="xl64" style="font-size: 12px; line-height: 18px; padding: 0px;" width="90">4130630363</td>\r\n<td class="xl68" style="font-size: 12px; line-height: 18px; padding: 0px;" width="280">DESTYA MAHARANI RACHMAN</td>\r\n<td class="xl64" style="font-size: 12px; line-height: 18px; padding: 0px;" width="115">IPA/XII IPA 2</td>\r\n<td class="xl65" style="font-size: 12px; line-height: 18px; padding: 0px;" width="234">INSTITUT TEKNOLOGI BANDUNG</td>\r\n<td class="xl65" style="font-size: 12px; line-height: 18px; padding: 0px;" width="320">FAKULTAS TEKNIK MESIN DAN DIRGANTARA (FTMD)</td>\r\n</tr>\r\n<tr style="font-size: 12px; line-height: 18px; padding: 0px;" bgcolor="#DEDEDE">\r\n<td class="xl63" style="font-size: 12px; line-height: 18px; padding: 0px;" height="53">11</td>\r\n<td class="xl64" style="font-size: 12px; line-height: 18px; padding: 0px;" width="90">4130633670</td>\r\n<td class="xl68" style="font-size: 12px; line-height: 18px; padding: 0px;" width="280">HANA MAULINAWATI</td>\r\n<td class="xl64" style="font-size: 12px; line-height: 18px; padding: 0px;" width="115">IPA/XII IPA 2</td>\r\n<td class="xl65" style="font-size: 12px; line-height: 18px; padding: 0px;" width="234">INSTITUT TEKNOLOGI BANDUNG</td>\r\n<td class="xl65" style="font-size: 12px; line-height: 18px; padding: 0px;" width="320">SEKOLAH ILMU DAN TEKNOLOGI HAYATI - PROGRAM SAINS</td>\r\n</tr>\r\n<tr style="font-size: 12px; line-height: 18px; padding: 0px;" bgcolor="#416817">\r\n<td class="xl63" style="font-size: 12px; line-height: 18px; padding: 0px;" height="53">12</td>\r\n<td class="xl64" style="font-size: 12px; line-height: 18px; padding: 0px;" width="90">4130598233</td>\r\n<td class="xl68" style="font-size: 12px; line-height: 18px; padding: 0px;" width="280">MUHAMMAD IRFAN</td>\r\n<td class="xl64" style="font-size: 12px; line-height: 18px; padding: 0px;" width="115">IPA/XII IPA 2</td>\r\n<td class="xl65" style="font-size: 12px; line-height: 18px; padding: 0px;" width="234">INSTITUT TEKNOLOGI BANDUNG</td>\r\n<td class="xl65" style="font-size: 12px; line-height: 18px; padding: 0px;" width="320">SEKOLAH TEKNIK ELEKTRO DAN INFORMATIKA (STEI)</td>\r\n</tr>\r\n<tr style="font-size: 12px; line-height: 18px; padding: 0px;" bgcolor="#DEDEDE">\r\n<td class="xl63" style="font-size: 12px; line-height: 18px; padding: 0px;" height="53">13</td>\r\n<td class="xl64" style="font-size: 12px; line-height: 18px; padding: 0px;" width="90">4130490771</td>\r\n<td class="xl68" style="font-size: 12px; line-height: 18px; padding: 0px;" width="280">MUHAMMAD LUDY GUMELAR</td>\r\n<td class="xl64" style="font-size: 12px; line-height: 18px; padding: 0px;" width="115">IPA/XII IPA 2</td>\r\n<td class="xl65" style="font-size: 12px; line-height: 18px; padding: 0px;" width="234">INSTITUT PERTANIAN BOGOR</td>\r\n<td class="xl65" style="font-size: 12px; line-height: 18px; padding: 0px;" width="320">AGRONOMI DAN HORTIKULTURA</td>\r\n</tr>\r\n<tr style="font-size: 12px; line-height: 18px; padding: 0px;" bgcolor="#416817">\r\n<td class="xl63" style="font-size: 12px; line-height: 18px; padding: 0px;" height="53">14</td>\r\n<td class="xl64" style="font-size: 12px; line-height: 18px; padding: 0px;" width="90">4130533017</td>\r\n<td class="xl68" style="font-size: 12px; line-height: 18px; padding: 0px;" width="280">NADHIFA KHALISA DWI PUTRI</td>\r\n<td class="xl64" style="font-size: 12px; line-height: 18px; padding: 0px;" width="115">IPA/XII IPA 2</td>\r\n<td class="xl65" style="font-size: 12px; line-height: 18px; padding: 0px;" width="234">UNIVERSITAS PADJADJARAN</td>\r\n<td class="xl65" style="font-size: 12px; line-height: 18px; padding: 0px;" width="320">TEKNIK PERTANIAN</td>\r\n</tr>\r\n<tr style="font-size: 12px; line-height: 18px; padding: 0px;" bgcolor="#DEDEDE">\r\n<td class="xl63" style="font-size: 12px; line-height: 18px; padding: 0px;" height="53">15</td>\r\n<td class="xl64" style="font-size: 12px; line-height: 18px; padding: 0px;" width="90">4130454237</td>\r\n<td class="xl68" style="font-size: 12px; line-height: 18px; padding: 0px;" width="280">REVINA NADYA ELFARISI</td>\r\n<td class="xl64" style="font-size: 12px; line-height: 18px; padding: 0px;" width="115">IPA/XII IPA 2</td>\r\n<td class="xl65" style="font-size: 12px; line-height: 18px; padding: 0px;" width="234">UNIVERSITAS PADJADJARAN</td>\r\n<td class="xl65" style="font-size: 12px; line-height: 18px; padding: 0px;" width="320">PENDIDIKAN DOKTER GIGI</td>\r\n</tr>\r\n<tr style="font-size: 12px; line-height: 18px; padding: 0px;" bgcolor="#416817">\r\n<td class="xl63" style="font-size: 12px; line-height: 18px; padding: 0px;" height="53">16</td>\r\n<td class="xl64" style="font-size: 12px; line-height: 18px; padding: 0px;" width="90">4130627611</td>\r\n<td class="xl68" style="font-size: 12px; line-height: 18px; padding: 0px;" width="280">RINESTYA MEDINA</td>\r\n<td class="xl64" style="font-size: 12px; line-height: 18px; padding: 0px;" width="115">IPA/XII IPA 2</td>\r\n<td class="xl65" style="font-size: 12px; line-height: 18px; padding: 0px;" width="234">UNIVERSITAS PADJADJARAN</td>\r\n<td class="xl65" style="font-size: 12px; line-height: 18px; padding: 0px;" width="320">AGRIBISNIS</td>\r\n</tr>\r\n<tr style="font-size: 12px; line-height: 18px; padding: 0px;" bgcolor="#DEDEDE">\r\n<td class="xl63" style="font-size: 12px; line-height: 18px; padding: 0px;" height="53">17</td>\r\n<td class="xl64" style="font-size: 12px; line-height: 18px; padding: 0px;" width="90">4130360882</td>\r\n<td class="xl68" style="font-size: 12px; line-height: 18px; padding: 0px;" width="280">QOYYIMAH AMATURRAHMAN</td>\r\n<td class="xl64" style="font-size: 12px; line-height: 18px; padding: 0px;" width="115">IPA/XII IPA 3</td>\r\n<td class="xl65" style="font-size: 12px; line-height: 18px; padding: 0px;" width="234">INSTITUT TEKNOLOGI BANDUNG</td>\r\n<td class="xl65" style="font-size: 12px; line-height: 18px; padding: 0px;" width="320">SEKOLAH FARMASI (SF)</td>\r\n</tr>\r\n<tr style="font-size: 12px; line-height: 18px; padding: 0px;" bgcolor="#416817">\r\n<td class="xl63" style="font-size: 12px; line-height: 18px; padding: 0px;" height="53">18</td>\r\n<td class="xl64" style="font-size: 12px; line-height: 18px; padding: 0px;" width="90">4130062742</td>\r\n<td class="xl68" style="font-size: 12px; line-height: 18px; padding: 0px;" width="280">SHINTA CEYSARIA YUNITA</td>\r\n<td class="xl64" style="font-size: 12px; line-height: 18px; padding: 0px;" width="115">IPA/XII IPA 3</td>\r\n<td class="xl65" style="font-size: 12px; line-height: 18px; padding: 0px;" width="234">UNIVERSITAS PENDIDIKAN INDONESIA</td>\r\n<td class="xl65" style="font-size: 12px; line-height: 18px; padding: 0px;" width="320">ILMU KEOLAHRAGAAN</td>\r\n</tr>\r\n<tr style="font-size: 12px; line-height: 18px; padding: 0px;" bgcolor="#DEDEDE">\r\n<td class="xl63" style="font-size: 12px; line-height: 18px; padding: 0px;" height="53">19</td>\r\n<td class="xl64" style="font-size: 12px; line-height: 18px; padding: 0px;" width="90">4130633921</td>\r\n<td class="xl68" style="font-size: 12px; line-height: 18px; padding: 0px;" width="280">TRISTO WIJANARKO INDRAPRASADA</td>\r\n<td class="xl64" style="font-size: 12px; line-height: 18px; padding: 0px;" width="115">IPA/XII IPA 3</td>\r\n<td class="xl65" style="font-size: 12px; line-height: 18px; padding: 0px;" width="234">UNIVERSITAS PENDIDIKAN INDONESIA</td>\r\n<td class="xl65" style="font-size: 12px; line-height: 18px; padding: 0px;" width="320">PENDIDIKAN BAHASA JEPANG</td>\r\n</tr>\r\n<tr style="font-size: 12px; line-height: 18px; padding: 0px;" bgcolor="#416817">\r\n<td class="xl63" style="font-size: 12px; line-height: 18px; padding: 0px;" height="53">20</td>\r\n<td class="xl64" style="font-size: 12px; line-height: 18px; padding: 0px;" width="90">4130464641</td>\r\n<td class="xl68" style="font-size: 12px; line-height: 18px; padding: 0px;" width="280">ANDREE</td>\r\n<td class="xl64" style="font-size: 12px; line-height: 18px; padding: 0px;" width="115">IPA/XII IPA 4</td>\r\n<td class="xl65" style="font-size: 12px; line-height: 18px; padding: 0px;" width="234">UNIVERSITAS PADJADJARAN</td>\r\n<td class="xl65" style="font-size: 12px; line-height: 18px; padding: 0px;" width="320">EKONOMI PEMBANGUNAN</td>\r\n</tr>\r\n<tr style="font-size: 12px; line-height: 18px; padding: 0px;" bgcolor="#DEDEDE">\r\n<td class="xl63" style="font-size: 12px; line-height: 18px; padding: 0px;" height="53">21</td>\r\n<td class="xl64" style="font-size: 12px; line-height: 18px; padding: 0px;" width="90">4130665169</td>\r\n<td class="xl68" style="font-size: 12px; line-height: 18px; padding: 0px;" width="280">ESA SUBAKTI</td>\r\n<td class="xl64" style="font-size: 12px; line-height: 18px; padding: 0px;" width="115">IPA/XII IPA 4</td>\r\n<td class="xl65" style="font-size: 12px; line-height: 18px; padding: 0px;" width="234">INSTITUT TEKNOLOGI BANDUNG</td>\r\n<td class="xl65" style="font-size: 12px; line-height: 18px; padding: 0px;" width="320">FAKULTAS TEKNIK SIPIL DAN LINGKUNGAN (FTSL)</td>\r\n</tr>\r\n<tr style="font-size: 12px; line-height: 18px; padding: 0px;" bgcolor="#416817">\r\n<td class="xl63" style="font-size: 12px; line-height: 18px; padding: 0px;" height="53">22</td>\r\n<td class="xl64" style="font-size: 12px; line-height: 18px; padding: 0px;" width="90">4130580174</td>\r\n<td class="xl68" style="font-size: 12px; line-height: 18px; padding: 0px;" width="280">EVA AFIFAH</td>\r\n<td class="xl64" style="font-size: 12px; line-height: 18px; padding: 0px;" width="115">IPA/XII IPA 4</td>\r\n<td class="xl65" style="font-size: 12px; line-height: 18px; padding: 0px;" width="234">INSTITUT TEKNOLOGI BANDUNG</td>\r\n<td class="xl65" style="font-size: 12px; line-height: 18px; padding: 0px;" width="320">FAKULTAS TEKNIK SIPIL DAN LINGKUNGAN (FTSL)</td>\r\n</tr>\r\n<tr style="font-size: 12px; line-height: 18px; padding: 0px;" bgcolor="#DEDEDE">\r\n<td class="xl63" style="font-size: 12px; line-height: 18px; padding: 0px;" height="53">23</td>\r\n<td class="xl64" style="font-size: 12px; line-height: 18px; padding: 0px;" width="90">4130579823</td>\r\n<td class="xl68" style="font-size: 12px; line-height: 18px; padding: 0px;" width="280">ILYAS NURFADHIL BASUKI</td>\r\n<td class="xl64" style="font-size: 12px; line-height: 18px; padding: 0px;" width="115">IPA/XII IPA 4</td>\r\n<td class="xl65" style="font-size: 12px; line-height: 18px; padding: 0px;" width="234">INSTITUT TEKNOLOGI BANDUNG</td>\r\n<td class="xl65" style="font-size: 12px; line-height: 18px; padding: 0px;" width="320">FAKULTAS ILMU DAN TEKNOLOGI KEBUMIAN (FITB)</td>\r\n</tr>\r\n<tr style="font-size: 12px; line-height: 18px; padding: 0px;" bgcolor="#416817">\r\n<td class="xl63" style="font-size: 12px; line-height: 18px; padding: 0px;" height="53">24</td>\r\n<td class="xl64" style="font-size: 12px; line-height: 18px; padding: 0px;" width="90">4130546793</td>\r\n<td class="xl68" style="font-size: 12px; line-height: 18px; padding: 0px;" width="280">LEVINA DEWI MARCELIA</td>\r\n<td class="xl64" style="font-size: 12px; line-height: 18px; padding: 0px;" width="115">IPA/XII IPA 4</td>\r\n<td class="xl65" style="font-size: 12px; line-height: 18px; padding: 0px;" width="234">INSTITUT TEKNOLOGI BANDUNG</td>\r\n<td class="xl65" style="font-size: 12px; line-height: 18px; padding: 0px;" width="320">SEKOLAH ARSITEKTUR, PERENCANAAN DAN PENGEMBANGAN KEBIJAKAN (SAPPK)</td>\r\n</tr>\r\n<tr style="font-size: 12px; line-height: 18px; padding: 0px;" bgcolor="#DEDEDE">\r\n<td class="xl63" style="font-size: 12px; line-height: 18px; padding: 0px;" height="53">25</td>\r\n<td class="xl64" style="font-size: 12px; line-height: 18px; padding: 0px;" width="90">4130464805</td>\r\n<td class="xl68" style="font-size: 12px; line-height: 18px; padding: 0px;" width="280">LINTANG MAHARDIKA</td>\r\n<td class="xl64" style="font-size: 12px; line-height: 18px; padding: 0px;" width="115">IPA/XII IPA 4</td>\r\n<td class="xl65" style="font-size: 12px; line-height: 18px; padding: 0px;" width="234">UNIVERSITAS PENDIDIKAN INDONESIA</td>\r\n<td class="xl65" style="font-size: 12px; line-height: 18px; padding: 0px;" width="320">PGSD KAMPUS BUMI SILIWANGI</td>\r\n</tr>\r\n<tr style="font-size: 12px; line-height: 18px; padding: 0px;" bgcolor="#416817">\r\n<td class="xl63" style="font-size: 12px; line-height: 18px; padding: 0px;" height="53">26</td>\r\n<td class="xl64" style="font-size: 12px; line-height: 18px; padding: 0px;" width="90">4130432957</td>\r\n<td class="xl68" style="font-size: 12px; line-height: 18px; padding: 0px;" width="280">MITTA HUTAMI</td>\r\n<td class="xl64" style="font-size: 12px; line-height: 18px; padding: 0px;" width="115">IPA/XII IPA 4</td>\r\n<td class="xl65" style="font-size: 12px; line-height: 18px; padding: 0px;" width="234">UNIVERSITAS BRAWIJAYA</td>\r\n<td class="xl65" style="font-size: 12px; line-height: 18px; padding: 0px;" width="320">TEKNOLOGI INDUSTRI PERTANIAN</td>\r\n</tr>\r\n<tr style="font-size: 12px; line-height: 18px; padding: 0px;" bgcolor="#DEDEDE">\r\n<td class="xl63" style="font-size: 12px; line-height: 18px; padding: 0px;" height="53">27</td>\r\n<td class="xl64" style="font-size: 12px; line-height: 18px; padding: 0px;" width="90">4130530193</td>\r\n<td class="xl68" style="font-size: 12px; line-height: 18px; padding: 0px;" width="280">MOCHAMMAD AZKA JEFFERSON FIRDAUS</td>\r\n<td class="xl64" style="font-size: 12px; line-height: 18px; padding: 0px;" width="115">IPA/XII IPA 4</td>\r\n<td class="xl65" style="font-size: 12px; line-height: 18px; padding: 0px;" width="234">INSTITUT TEKNOLOGI BANDUNG</td>\r\n<td class="xl65" style="font-size: 12px; line-height: 18px; padding: 0px;" width="320">FAKULTAS TEKNIK MESIN DAN DIRGANTARA (FTMD)</td>\r\n</tr>\r\n<tr style="font-size: 12px; line-height: 18px; padding: 0px;" bgcolor="#416817">\r\n<td class="xl63" style="font-size: 12px; line-height: 18px; padding: 0px;" height="53">28</td>\r\n<td class="xl64" style="font-size: 12px; line-height: 18px; padding: 0px;" width="90">4130363991</td>\r\n<td class="xl68" style="font-size: 12px; line-height: 18px; padding: 0px;" width="280">NAJMIYATUN LAILATUL HAQ</td>\r\n<td class="xl64" style="font-size: 12px; line-height: 18px; padding: 0px;" width="115">IPA/XII IPA 4</td>\r\n<td class="xl65" style="font-size: 12px; line-height: 18px; padding: 0px;" width="234">INSTITUT TEKNOLOGI BANDUNG</td>\r\n<td class="xl65" style="font-size: 12px; line-height: 18px; padding: 0px;" width="320">SEKOLAH FARMASI (SF)</td>\r\n</tr>\r\n<tr style="font-size: 12px; line-height: 18px; padding: 0px;" bgcolor="#DEDEDE">\r\n<td class="xl63" style="font-size: 12px; line-height: 18px; padding: 0px;" height="53">29</td>\r\n<td class="xl64" style="font-size: 12px; line-height: 18px; padding: 0px;" width="90">4130619850</td>\r\n<td class="xl68" style="font-size: 12px; line-height: 18px; padding: 0px;" width="280">ZAHRA ALFINA RIGHI SUBAGIO</td>\r\n<td class="xl64" style="font-size: 12px; line-height: 18px; padding: 0px;" width="115">IPA/XII IPA 4</td>\r\n<td class="xl65" style="font-size: 12px; line-height: 18px; padding: 0px;" width="234">UNIVERSITAS PADJADJARAN</td>\r\n<td class="xl65" style="font-size: 12px; line-height: 18px; padding: 0px;" width="320">EKONOMI PEMBANGUNAN</td>\r\n</tr>\r\n<tr style="font-size: 12px; line-height: 18px; padding: 0px;" bgcolor="#416817">\r\n<td class="xl63" style="font-size: 12px; line-height: 18px; padding: 0px;" height="53">30</td>\r\n<td class="xl64" style="font-size: 12px; line-height: 18px; padding: 0px;" width="90">4130595423</td>\r\n<td class="xl68" style="font-size: 12px; line-height: 18px; padding: 0px;" width="280">ZELIANA YUANISA</td>\r\n<td class="xl64" style="font-size: 12px; line-height: 18px; padding: 0px;" width="115">IPA/XII IPA 4</td>\r\n<td class="xl65" style="font-size: 12px; line-height: 18px; padding: 0px;" width="234">INSTITUT TEKNOLOGI BANDUNG</td>\r\n<td class="xl65" style="font-size: 12px; line-height: 18px; padding: 0px;" width="320">FAKULTAS TEKNOLOGI INDUSTRI (FTI)</td>\r\n</tr>\r\n<tr style="font-size: 12px; line-height: 18px; padding: 0px;" bgcolor="#DEDEDE">\r\n<td class="xl63" style="font-size: 12px; line-height: 18px; padding: 0px;" height="53">31</td>\r\n<td class="xl64" style="font-size: 12px; line-height: 18px; padding: 0px;" width="90">4130596884</td>\r\n<td class="xl68" style="font-size: 12px; line-height: 18px; padding: 0px;" width="280">ADNAN SYAHRUL RAMADHAN</td>\r\n<td class="xl64" style="font-size: 12px; line-height: 18px; padding: 0px;" width="115">IPA/XII IPA 5</td>\r\n<td class="xl65" style="font-size: 12px; line-height: 18px; padding: 0px;" width="234">INSTITUT TEKNOLOGI BANDUNG</td>\r\n<td class="xl66" style="font-size: 12px; line-height: 18px; padding: 0px;" width="320">FAKULTAS TEKNIK PERTAMBANGAN DAN PERMINYAKAN (FTTM)</td>\r\n</tr>\r\n<tr style="font-size: 12px; line-height: 18px; padding: 0px;" bgcolor="#416817">\r\n<td class="xl63" style="font-size: 12px; line-height: 18px; padding: 0px;" height="53">32</td>\r\n<td class="xl64" style="font-size: 12px; line-height: 18px; padding: 0px;" width="90">4130426725</td>\r\n<td class="xl68" style="font-size: 12px; line-height: 18px; padding: 0px;" width="280">BERLYAN BESONI</td>\r\n<td class="xl64" style="font-size: 12px; line-height: 18px; padding: 0px;" width="115">IPA/XII IPA 5</td>\r\n<td class="xl65" style="font-size: 12px; line-height: 18px; padding: 0px;" width="234">INSTITUT TEKNOLOGI BANDUNG</td>\r\n<td class="xl65" style="font-size: 12px; line-height: 18px; padding: 0px;" width="320">FAKULTAS TEKNIK SIPIL DAN LINGKUNGAN (FTSL)</td>\r\n</tr>\r\n<tr style="font-size: 12px; line-height: 18px; padding: 0px;" bgcolor="#DEDEDE">\r\n<td class="xl63" style="font-size: 12px; line-height: 18px; padding: 0px;" height="53">33</td>\r\n<td class="xl64" style="font-size: 12px; line-height: 18px; padding: 0px;" width="90">4130622192</td>\r\n<td class="xl68" style="font-size: 12px; line-height: 18px; padding: 0px;" width="280">FURIKA ARKANI NURDIN</td>\r\n<td class="xl64" style="font-size: 12px; line-height: 18px; padding: 0px;" width="115">IPA/XII IPA 5</td>\r\n<td class="xl65" style="font-size: 12px; line-height: 18px; padding: 0px;" width="234">INSTITUT TEKNOLOGI BANDUNG</td>\r\n<td class="xl65" style="font-size: 12px; line-height: 18px; padding: 0px;" width="320">FAKULTAS MATEMATIKA &amp; ILMU PENGETAHUAN ALAM (FMIPA)</td>\r\n</tr>\r\n<tr style="font-size: 12px; line-height: 18px; padding: 0px;" bgcolor="#416817">\r\n<td class="xl63" style="font-size: 12px; line-height: 18px; padding: 0px;" height="53">34</td>\r\n<td class="xl64" style="font-size: 12px; line-height: 18px; padding: 0px;" width="90">4130374006</td>\r\n<td class="xl68" style="font-size: 12px; line-height: 18px; padding: 0px;" width="280">HERA YULIA PRABIASTUTI</td>\r\n<td class="xl64" style="font-size: 12px; line-height: 18px; padding: 0px;" width="115">IPA/XII IPA 5</td>\r\n<td class="xl65" style="font-size: 12px; line-height: 18px; padding: 0px;" width="234">UNIVERSITAS PENDIDIKAN INDONESIA</td>\r\n<td class="xl65" style="font-size: 12px; line-height: 18px; padding: 0px;" width="320">BIMBINGAN DAN KONSELING</td>\r\n</tr>\r\n<tr style="font-size: 12px; line-height: 18px; padding: 0px;" bgcolor="#DEDEDE">\r\n<td class="xl63" style="font-size: 12px; line-height: 18px; padding: 0px;" height="53">35</td>\r\n<td class="xl64" style="font-size: 12px; line-height: 18px; padding: 0px;" width="90">4130711987</td>\r\n<td class="xl68" style="font-size: 12px; line-height: 18px; padding: 0px;" width="280">MUHAMMAD NAUFAN DZIKKRURRAHMAN</td>\r\n<td class="xl64" style="font-size: 12px; line-height: 18px; padding: 0px;" width="115">IPA/XII IPA 5</td>\r\n<td class="xl65" style="font-size: 12px; line-height: 18px; padding: 0px;" width="234">INSTITUT TEKNOLOGI BANDUNG</td>\r\n<td class="xl65" style="font-size: 12px; line-height: 18px; padding: 0px;" width="320">FAKULTAS TEKNIK SIPIL DAN LINGKUNGAN (FTSL)</td>\r\n</tr>\r\n<tr style="font-size: 12px; line-height: 18px; padding: 0px;" bgcolor="#416817">\r\n<td class="xl63" style="font-size: 12px; line-height: 18px; padding: 0px;" height="53">36</td>\r\n<td class="xl64" style="font-size: 12px; line-height: 18px; padding: 0px;" width="90">4130671618</td>\r\n<td class="xl68" style="font-size: 12px; line-height: 18px; padding: 0px;" width="280">SARAH PERMANIK ISMA PUTRI</td>\r\n<td class="xl64" style="font-size: 12px; line-height: 18px; padding: 0px;" width="115">IPA/XII IPA 5</td>\r\n<td class="xl65" style="font-size: 12px; line-height: 18px; padding: 0px;" width="234">INSTITUT TEKNOLOGI BANDUNG</td>\r\n<td class="xl65" style="font-size: 12px; line-height: 18px; padding: 0px;" width="320">FAKULTAS ILMU DAN TEKNOLOGI KEBUMIAN (FITB)</td>\r\n</tr>\r\n<tr style="font-size: 12px; line-height: 18px; padding: 0px;" bgcolor="#DEDEDE">\r\n<td class="xl63" style="font-size: 12px; line-height: 18px; padding: 0px;" height="53">37</td>\r\n<td class="xl64" style="font-size: 12px; line-height: 18px; padding: 0px;" width="90">4130593047</td>\r\n<td class="xl68" style="font-size: 12px; line-height: 18px; padding: 0px;" width="280">SHAZIA NABILLA</td>\r\n<td class="xl64" style="font-size: 12px; line-height: 18px; padding: 0px;" width="115">IPA/XII IPA 5</td>\r\n<td class="xl65" style="font-size: 12px; line-height: 18px; padding: 0px;" width="234">INSTITUT TEKNOLOGI BANDUNG</td>\r\n<td class="xl65" style="font-size: 12px; line-height: 18px; padding: 0px;" width="320">SEKOLAH FARMASI (SF)</td>\r\n</tr>\r\n<tr style="font-size: 12px; line-height: 18px; padding: 0px;" bgcolor="#416817">\r\n<td class="xl63" style="font-size: 12px; line-height: 18px; padding: 0px;" height="53">38</td>\r\n<td class="xl64" style="font-size: 12px; line-height: 18px; padding: 0px;" width="90">4130431101</td>\r\n<td class="xl68" style="font-size: 12px; line-height: 18px; padding: 0px;" width="280">ADINDA RANA TRISANTI</td>\r\n<td class="xl64" style="font-size: 12px; line-height: 18px; padding: 0px;" width="115">IPA/XII IPA 6</td>\r\n<td class="xl65" style="font-size: 12px; line-height: 18px; padding: 0px;" width="234">INSTITUT TEKNOLOGI BANDUNG</td>\r\n<td class="xl66" style="font-size: 12px; line-height: 18px; padding: 0px;" width="320">SEKOLAH TEKNIK ELEKTRO DAN INFORMATIKA (STEI)</td>\r\n</tr>\r\n<tr style="font-size: 12px; line-height: 18px; padding: 0px;" bgcolor="#DEDEDE">\r\n<td class="xl63" style="font-size: 12px; line-height: 18px; padding: 0px;" height="53">39</td>\r\n<td class="xl64" style="font-size: 12px; line-height: 18px; padding: 0px;" width="90">4130237734</td>\r\n<td class="xl68" style="font-size: 12px; line-height: 18px; padding: 0px;" width="280">LESTARI NOVIYANTI</td>\r\n<td class="xl64" style="font-size: 12px; line-height: 18px; padding: 0px;" width="115">IPA/XII IPA 6</td>\r\n<td class="xl65" style="font-size: 12px; line-height: 18px; padding: 0px;" width="234">INSTITUT PERTANIAN BOGOR</td>\r\n<td class="xl65" style="font-size: 12px; line-height: 18px; padding: 0px;" width="320">KEDOKTERAN HEWAN</td>\r\n</tr>\r\n<tr style="font-size: 12px; line-height: 18px; padding: 0px;" bgcolor="#416817">\r\n<td class="xl63" style="font-size: 12px; line-height: 18px; padding: 0px;" height="53">40</td>\r\n<td class="xl64" style="font-size: 12px; line-height: 18px; padding: 0px;" width="90">4130403053</td>\r\n<td class="xl68" style="font-size: 12px; line-height: 18px; padding: 0px;" width="280">MAESY</td>\r\n<td class="xl64" style="font-size: 12px; line-height: 18px; padding: 0px;" width="115">IPA/XII IPA 6</td>\r\n<td class="xl65" style="font-size: 12px; line-height: 18px; padding: 0px;" width="234">INSTITUT TEKNOLOGI BANDUNG</td>\r\n<td class="xl65" style="font-size: 12px; line-height: 18px; padding: 0px;" width="320">FAKULTAS TEKNOLOGI INDUSTRI (FTI)</td>\r\n</tr>\r\n<tr style="font-size: 12px; line-height: 18px; padding: 0px;" bgcolor="#DEDEDE">\r\n<td class="xl63" style="font-size: 12px; line-height: 18px; padding: 0px;" height="53">41</td>\r\n<td class="xl64" style="font-size: 12px; line-height: 18px; padding: 0px;" width="90">4130312561</td>\r\n<td class="xl68" style="font-size: 12px; line-height: 18px; padding: 0px;" width="280">PRADIPTA PRAYOGA NUGRAHA</td>\r\n<td class="xl64" style="font-size: 12px; line-height: 18px; padding: 0px;" width="115">IPA/XII IPA 6</td>\r\n<td class="xl65" style="font-size: 12px; line-height: 18px; padding: 0px;" width="234">INSTITUT TEKNOLOGI BANDUNG</td>\r\n<td class="xl65" style="font-size: 12px; line-height: 18px; padding: 0px;" width="320">SEKOLAH TEKNIK ELEKTRO DAN INFORMATIKA (STEI)</td>\r\n</tr>\r\n<tr style="font-size: 12px; line-height: 18px; padding: 0px;" bgcolor="#416817">\r\n<td class="xl63" style="font-size: 12px; line-height: 18px; padding: 0px;" height="53">42</td>\r\n<td class="xl64" style="font-size: 12px; line-height: 18px; padding: 0px;" width="90">4130631648</td>\r\n<td class="xl68" style="font-size: 12px; line-height: 18px; padding: 0px;" width="280">ELBA AULIANA</td>\r\n<td class="xl64" style="font-size: 12px; line-height: 18px; padding: 0px;" width="115">IPA/XII IPA 7</td>\r\n<td class="xl65" style="font-size: 12px; line-height: 18px; padding: 0px;" width="234">UNIVERSITAS PADJADJARAN</td>\r\n<td class="xl65" style="font-size: 12px; line-height: 18px; padding: 0px;" width="320">ILMU PETERNAKAN</td>\r\n</tr>\r\n<tr style="font-size: 12px; line-height: 18px; padding: 0px;" bgcolor="#DEDEDE">\r\n<td class="xl63" style="font-size: 12px; line-height: 18px; padding: 0px;" height="53">43</td>\r\n<td class="xl64" style="font-size: 12px; line-height: 18px; padding: 0px;" width="90">4130461935</td>\r\n<td class="xl68" style="font-size: 12px; line-height: 18px; padding: 0px;" width="280">RIVA AYU HANANDIVA</td>\r\n<td class="xl64" style="font-size: 12px; line-height: 18px; padding: 0px;" width="115">IPA/XII IPA 7</td>\r\n<td class="xl65" style="font-size: 12px; line-height: 18px; padding: 0px;" width="234">UNIVERSITAS PADJADJARAN</td>\r\n<td class="xl65" style="font-size: 12px; line-height: 18px; padding: 0px;" width="320">AGROTEKNOLOGI</td>\r\n</tr>\r\n<tr style="font-size: 12px; line-height: 18px; padding: 0px;" bgcolor="#416817">\r\n<td class="xl63" style="font-size: 12px; line-height: 18px; padding: 0px;" height="53">44</td>\r\n<td class="xl64" style="font-size: 12px; line-height: 18px; padding: 0px;" width="90">4130659012</td>\r\n<td class="xl68" style="font-size: 12px; line-height: 18px; padding: 0px;" width="280">SYIFA NURSAIDA</td>\r\n<td class="xl64" style="font-size: 12px; line-height: 18px; padding: 0px;" width="115">IPA/XII IPA 7</td>\r\n<td class="xl65" style="font-size: 12px; line-height: 18px; padding: 0px;" width="234">UNIVERSITAS PADJADJARAN</td>\r\n<td class="xl65" style="font-size: 12px; line-height: 18px; padding: 0px;" width="320">PSIKOLOGI</td>\r\n</tr>\r\n<tr style="font-size: 12px; line-height: 18px; padding: 0px;" bgcolor="#DEDEDE">\r\n<td class="xl63" style="font-size: 12px; line-height: 18px; padding: 0px;" height="53">45</td>\r\n<td class="xl64" style="font-size: 12px; line-height: 18px; padding: 0px;" width="90">4130506921</td>\r\n<td class="xl68" style="font-size: 12px; line-height: 18px; padding: 0px;" width="280">AURANI NANETTA ADRIANA</td>\r\n<td class="xl64" style="font-size: 12px; line-height: 18px; padding: 0px;" width="115">IPA/XII IPA 8</td>\r\n<td class="xl65" style="font-size: 12px; line-height: 18px; padding: 0px;" width="234">UNIVERSITAS PADJADJARAN</td>\r\n<td class="xl65" style="font-size: 12px; line-height: 18px; padding: 0px;" width="320">ILMU KOMUNIKASI</td>\r\n</tr>\r\n<tr style="font-size: 12px; line-height: 18px; padding: 0px;" bgcolor="#416817">\r\n<td class="xl63" style="font-size: 12px; line-height: 18px; padding: 0px;" height="53">46</td>\r\n<td class="xl64" style="font-size: 12px; line-height: 18px; padding: 0px;" width="90">4130585532</td>\r\n<td class="xl68" style="font-size: 12px; line-height: 18px; padding: 0px;" width="280">EKKY MAULIKA PERMATASARY</td>\r\n<td class="xl64" style="font-size: 12px; line-height: 18px; padding: 0px;" width="115">IPA/XII IPA 8</td>\r\n<td class="xl65" style="font-size: 12px; line-height: 18px; padding: 0px;" width="234">UNIVERSITAS PADJADJARAN</td>\r\n<td class="xl65" style="font-size: 12px; line-height: 18px; padding: 0px;" width="320">ILMU HUKUM</td>\r\n</tr>\r\n<tr style="font-size: 12px; line-height: 18px; padding: 0px;" bgcolor="#DEDEDE">\r\n<td class="xl63" style="font-size: 12px; line-height: 18px; padding: 0px;" height="53">47</td>\r\n<td class="xl64" style="font-size: 12px; line-height: 18px; padding: 0px;" width="90">4130239194</td>\r\n<td class="xl68" style="font-size: 12px; line-height: 18px; padding: 0px;" width="280">FARAH FADHILAH NURBAIHAQI</td>\r\n<td class="xl64" style="font-size: 12px; line-height: 18px; padding: 0px;" width="115">IPA/XII IPA 8</td>\r\n<td class="xl65" style="font-size: 12px; line-height: 18px; padding: 0px;" width="234">INSTITUT TEKNOLOGI BANDUNG</td>\r\n<td class="xl65" style="font-size: 12px; line-height: 18px; padding: 0px;" width="320">FAKULTAS TEKNOLOGI INDUSTRI (FTI)</td>\r\n</tr>\r\n<tr style="font-size: 12px; line-height: 18px; padding: 0px;" bgcolor="#416817">\r\n<td class="xl63" style="font-size: 12px; line-height: 18px; padding: 0px;" height="53">48</td>\r\n<td class="xl64" style="font-size: 12px; line-height: 18px; padding: 0px;" width="90">4130625252</td>\r\n<td class="xl68" style="font-size: 12px; line-height: 18px; padding: 0px;" width="280">GAGAS ISHARSETYO PUTRO</td>\r\n<td class="xl64" style="font-size: 12px; line-height: 18px; padding: 0px;" width="115">IPA/XII IPA 8</td>\r\n<td class="xl65" style="font-size: 12px; line-height: 18px; padding: 0px;" width="234">UNIVERSITAS PADJADJARAN</td>\r\n<td class="xl65" style="font-size: 12px; line-height: 18px; padding: 0px;" width="320">ILMU KELAUTAN</td>\r\n</tr>\r\n<tr style="font-size: 12px; line-height: 18px; padding: 0px;" bgcolor="#DEDEDE">\r\n<td class="xl63" style="font-size: 12px; line-height: 18px; padding: 0px;" height="53">49</td>\r\n<td class="xl64" style="font-size: 12px; line-height: 18px; padding: 0px;" width="90">4130503333</td>\r\n<td class="xl68" style="font-size: 12px; line-height: 18px; padding: 0px;" width="280">HUSNUN APRILI SYARIFIAH</td>\r\n<td class="xl64" style="font-size: 12px; line-height: 18px; padding: 0px;" width="115">IPA/XII IPA 8</td>\r\n<td class="xl65" style="font-size: 12px; line-height: 18px; padding: 0px;" width="234">UNIVERSITAS PENDIDIKAN INDONESIA</td>\r\n<td class="xl65" style="font-size: 12px; line-height: 18px; padding: 0px;" width="320">PSIKOLOGI</td>\r\n</tr>\r\n<tr style="font-size: 12px; line-height: 18px; padding: 0px;" bgcolor="#416817">\r\n<td class="xl63" style="font-size: 12px; line-height: 18px; padding: 0px;" height="53">50</td>\r\n<td class="xl64" style="font-size: 12px; line-height: 18px; padding: 0px;" width="90">4130437687</td>\r\n<td class="xl68" style="font-size: 12px; line-height: 18px; padding: 0px;" width="280">AKMAL RAMADHAN DARMAWAN</td>\r\n<td class="xl64" style="font-size: 12px; line-height: 18px; padding: 0px;" width="115">IPA/XII IPA 9</td>\r\n<td class="xl65" style="font-size: 12px; line-height: 18px; padding: 0px;" width="234">INSTITUT TEKNOLOGI BANDUNG</td>\r\n<td class="xl66" style="font-size: 12px; line-height: 18px; padding: 0px;" width="320">FAKULTAS TEKNOLOGI INDUSTRI (FTI)</td>\r\n</tr>\r\n<tr style="font-size: 12px; line-height: 18px; padding: 0px;" bgcolor="#DEDEDE">\r\n<td class="xl63" style="font-size: 12px; line-height: 18px; padding: 0px;" height="53">51</td>\r\n<td class="xl64" style="font-size: 12px; line-height: 18px; padding: 0px;" width="90">4130634472</td>\r\n<td class="xl68" style="font-size: 12px; line-height: 18px; padding: 0px;" width="280">DEWANTI HERAWAN</td>\r\n<td class="xl64" style="font-size: 12px; line-height: 18px; padding: 0px;" width="115">IPA/XII IPA 9</td>\r\n<td class="xl65" style="font-size: 12px; line-height: 18px; padding: 0px;" width="234">UNIVERSITAS PENDIDIKAN INDONESIA</td>\r\n<td class="xl65" style="font-size: 12px; line-height: 18px; padding: 0px;" width="320">TEKNIK SIPIL</td>\r\n</tr>\r\n<tr style="font-size: 12px; line-height: 18px; padding: 0px;" bgcolor="#416817">\r\n<td class="xl63" style="font-size: 12px; line-height: 18px; padding: 0px;" height="53">52</td>\r\n<td class="xl64" style="font-size: 12px; line-height: 18px; padding: 0px;" width="90">4130593570</td>\r\n<td class="xl68" style="font-size: 12px; line-height: 18px; padding: 0px;" width="280">DISTYA PUSPA HANIFA</td>\r\n<td class="xl64" style="font-size: 12px; line-height: 18px; padding: 0px;" width="115">IPA/XII IPA 9</td>\r\n<td class="xl65" style="font-size: 12px; line-height: 18px; padding: 0px;" width="234">INSTITUT TEKNOLOGI BANDUNG</td>\r\n<td class="xl65" style="font-size: 12px; line-height: 18px; padding: 0px;" width="320">SEKOLAH ILMU DAN TEKNOLOGI HAYATI - PROGRAM SAINS</td>\r\n</tr>\r\n<tr style="font-size: 12px; line-height: 18px; padding: 0px;" bgcolor="#DEDEDE">\r\n<td class="xl63" style="font-size: 12px; line-height: 18px; padding: 0px;" height="53">53</td>\r\n<td class="xl64" style="font-size: 12px; line-height: 18px; padding: 0px;" width="90">4130497996</td>\r\n<td class="xl68" style="font-size: 12px; line-height: 18px; padding: 0px;" width="280">PUJI RAHAYU</td>\r\n<td class="xl64" style="font-size: 12px; line-height: 18px; padding: 0px;" width="115">IPA/XII IPA 9</td>\r\n<td class="xl65" style="font-size: 12px; line-height: 18px; padding: 0px;" width="234">UNIVERSITAS PADJADJARAN</td>\r\n<td class="xl65" style="font-size: 12px; line-height: 18px; padding: 0px;" width="320">ILMU KEPERAWATAN</td>\r\n</tr>\r\n<tr style="font-size: 12px; line-height: 18px; padding: 0px;" bgcolor="#416817">\r\n<td class="xl63" style="font-size: 12px; line-height: 18px; padding: 0px;" height="53">54</td>\r\n<td class="xl64" style="font-size: 12px; line-height: 18px; padding: 0px;" width="90">4130497080</td>\r\n<td class="xl68" style="font-size: 12px; line-height: 18px; padding: 0px;" width="280">RECKTA FILAMENTI HERYADI</td>\r\n<td class="xl64" style="font-size: 12px; line-height: 18px; padding: 0px;" width="115">IPA/XII IPA 9</td>\r\n<td class="xl65" style="font-size: 12px; line-height: 18px; padding: 0px;" width="234">INSTITUT TEKNOLOGI BANDUNG</td>\r\n<td class="xl65" style="font-size: 12px; line-height: 18px; padding: 0px;" width="320">SEKOLAH FARMASI (SF)</td>\r\n</tr>\r\n<tr style="font-size: 12px; line-height: 18px; padding: 0px;" bgcolor="#DEDEDE">\r\n<td class="xl63" style="font-size: 12px; line-height: 18px; padding: 0px;" height="53">55</td>\r\n<td class="xl64" style="font-size: 12px; line-height: 18px; padding: 0px;" width="90">4130636049</td>\r\n<td class="xl68" style="font-size: 12px; line-height: 18px; padding: 0px;" width="280">SARI HAJIMAHARANI</td>\r\n<td class="xl64" style="font-size: 12px; line-height: 18px; padding: 0px;" width="115">IPA/XII IPA 9</td>\r\n<td class="xl65" style="font-size: 12px; line-height: 18px; padding: 0px;" width="234">UNIVERSITAS PENDIDIKAN INDONESIA</td>\r\n<td class="xl65" style="font-size: 12px; line-height: 18px; padding: 0px;" width="320">PENDIDIKAN TATA BUSANA</td>\r\n</tr>\r\n<tr style="font-size: 12px; line-height: 18px; padding: 0px;" bgcolor="#416817">\r\n<td class="xl63" style="font-size: 12px; line-height: 18px; padding: 0px;" height="53">56</td>\r\n<td class="xl64" style="font-size: 12px; line-height: 18px; padding: 0px;" width="90">4130490099</td>\r\n<td class="xl68" style="font-size: 12px; line-height: 18px; padding: 0px;" width="280">CAHYA MUHAMMAD FUAD HASAN</td>\r\n<td class="xl64" style="font-size: 12px; line-height: 18px; padding: 0px;" width="115">IPS/XII IPS 1</td>\r\n<td class="xl65" style="font-size: 12px; line-height: 18px; padding: 0px;" width="234">UNIVERSITAS PENDIDIKAN INDONESIA</td>\r\n<td class="xl65" style="font-size: 12px; line-height: 18px; padding: 0px;" width="320">MANAJEMEN PEMASARAN PARIWISATA</td>\r\n</tr>\r\n<tr style="font-size: 12px; line-height: 18px; padding: 0px;" bgcolor="#DEDEDE">\r\n<td class="xl63" style="font-size: 12px; line-height: 18px; padding: 0px;" height="53">57</td>\r\n<td class="xl64" style="font-size: 12px; line-height: 18px; padding: 0px;" width="90">4130583378</td>\r\n<td class="xl68" style="font-size: 12px; line-height: 18px; padding: 0px;" width="280">CHANDRIKA NURHAYATI DEWI</td>\r\n<td class="xl64" style="font-size: 12px; line-height: 18px; padding: 0px;" width="115">IPS/XII IPS 1</td>\r\n<td class="xl65" style="font-size: 12px; line-height: 18px; padding: 0px;" width="234">INSTITUT TEKNOLOGI BANDUNG</td>\r\n<td class="xl65" style="font-size: 12px; line-height: 18px; padding: 0px;" width="320">FAKULTAS SENIRUPA DAN DESAIN (FSRD)</td>\r\n</tr>\r\n<tr style="font-size: 12px; line-height: 18px; padding: 0px;" bgcolor="#416817">\r\n<td class="xl63" style="font-size: 12px; line-height: 18px; padding: 0px;" height="53">58</td>\r\n<td class="xl64" style="font-size: 12px; line-height: 18px; padding: 0px;" width="90">4130640031</td>\r\n<td class="xl68" style="font-size: 12px; line-height: 18px; padding: 0px;" width="280">ZEIKA DEINA AMALIA</td>\r\n<td class="xl64" style="font-size: 12px; line-height: 18px; padding: 0px;" width="115">IPS/XII IPS 1</td>\r\n<td class="xl65" style="font-size: 12px; line-height: 18px; padding: 0px;" width="234">INSTITUT TEKNOLOGI BANDUNG</td>\r\n<td class="xl65" style="font-size: 12px; line-height: 18px; padding: 0px;" width="320">SEKOLAH BISNIS DAN MANAJEMEN (SBM)</td>\r\n</tr>\r\n<tr style="font-size: 12px; line-height: 18px; padding: 0px;" bgcolor="#DEDEDE">\r\n<td class="xl63" style="font-size: 12px; line-height: 18px; padding: 0px;" height="53">59</td>\r\n<td class="xl64" style="font-size: 12px; line-height: 18px; padding: 0px;" width="90">4130686049</td>\r\n<td class="xl68" style="font-size: 12px; line-height: 18px; padding: 0px;" width="280">ARZINIE WISMAYA</td>\r\n<td class="xl64" style="font-size: 12px; line-height: 18px; padding: 0px;" width="115">IPS/XII IPS 2</td>\r\n<td class="xl65" style="font-size: 12px; line-height: 18px; padding: 0px;" width="234">UNIVERSITAS PENDIDIKAN INDONESIA</td>\r\n<td class="xl65" style="font-size: 12px; line-height: 18px; padding: 0px;" width="320">MANAJEMEN RESORT DAN LEISURE</td>\r\n</tr>\r\n<tr style="font-size: 12px; line-height: 18px; padding: 0px;" bgcolor="#416817">\r\n<td class="xl63" style="font-size: 12px; line-height: 18px; padding: 0px;" height="53">60</td>\r\n<td class="xl64" style="font-size: 12px; line-height: 18px; padding: 0px;" width="90">4130663107</td>\r\n<td class="xl68" style="font-size: 12px; line-height: 18px; padding: 0px;" width="280">AZHARIA DEVI AGUSTINA</td>\r\n<td class="xl64" style="font-size: 12px; line-height: 18px; padding: 0px;" width="115">IPS/XII IPS 2</td>\r\n<td class="xl65" style="font-size: 12px; line-height: 18px; padding: 0px;" width="234">UNIVERSITAS PADJADJARAN</td>\r\n<td class="xl65" style="font-size: 12px; line-height: 18px; padding: 0px;" width="320">AKUNTANSI</td>\r\n</tr>\r\n<tr style="font-size: 12px; line-height: 18px; padding: 0px;" bgcolor="#DEDEDE">\r\n<td class="xl63" style="font-size: 12px; line-height: 18px; padding: 0px;" height="53">61</td>\r\n<td class="xl64" style="font-size: 12px; line-height: 18px; padding: 0px;" width="90">4130627982</td>\r\n<td class="xl68" style="font-size: 12px; line-height: 18px; padding: 0px;" width="280">DIVA SETIANTY ALLAN</td>\r\n<td class="xl64" style="font-size: 12px; line-height: 18px; padding: 0px;" width="115">IPS/XII IPS 2</td>\r\n<td class="xl65" style="font-size: 12px; line-height: 18px; padding: 0px;" width="234">UNIVERSITAS PADJADJARAN</td>\r\n<td class="xl65" style="font-size: 12px; line-height: 18px; padding: 0px;" width="320">ILMU KOMUNIKASI</td>\r\n</tr>\r\n<tr style="font-size: 12px; line-height: 18px; padding: 0px;" bgcolor="#416817">\r\n<td class="xl63" style="font-size: 12px; line-height: 18px; padding: 0px;" height="53">62</td>\r\n<td class="xl64" style="font-size: 12px; line-height: 18px; padding: 0px;" width="90">4130539419</td>\r\n<td class="xl68" style="font-size: 12px; line-height: 18px; padding: 0px;" width="280">ISNA KAMILA NUR ARAFAH</td>\r\n<td class="xl64" style="font-size: 12px; line-height: 18px; padding: 0px;" width="115">IPS/XII IPS 2</td>\r\n<td class="xl65" style="font-size: 12px; line-height: 18px; padding: 0px;" width="234">UNIVERSITAS PADJADJARAN</td>\r\n<td class="xl65" style="font-size: 12px; line-height: 18px; padding: 0px;" width="320">ILMU HUBUNGAN INTERNASIONAL</td>\r\n</tr>\r\n<tr style="font-size: 12px; line-height: 18px; padding: 0px;" bgcolor="#DEDEDE">\r\n<td class="xl63" style="font-size: 12px; line-height: 18px; padding: 0px;" height="53">63</td>\r\n<td class="xl64" style="font-size: 12px; line-height: 18px; padding: 0px;" width="90">4130431373</td>\r\n<td class="xl68" style="font-size: 12px; line-height: 18px; padding: 0px;" width="280">MEDINA ESPANIA AZIZA</td>\r\n<td class="xl64" style="font-size: 12px; line-height: 18px; padding: 0px;" width="115">IPS/XII IPS 2</td>\r\n<td class="xl65" style="font-size: 12px; line-height: 18px; padding: 0px;" width="234">UNIVERSITAS PADJADJARAN</td>\r\n<td class="xl65" style="font-size: 12px; line-height: 18px; padding: 0px;" width="320">ILMU HUKUM</td>\r\n</tr>\r\n<tr style="font-size: 12px; line-height: 18px; padding: 0px;" bgcolor="#416817">\r\n<td class="xl63" style="font-size: 12px; line-height: 18px; padding: 0px;" height="53">64</td>\r\n<td class="xl64" style="font-size: 12px; line-height: 18px; padding: 0px;" width="90">4130593964</td>\r\n<td class="xl68" style="font-size: 12px; line-height: 18px; padding: 0px;" width="280">RADI MOCHAMMAD HAIQAL</td>\r\n<td class="xl64" style="font-size: 12px; line-height: 18px; padding: 0px;" width="115">IPS/XII IPS 2</td>\r\n<td class="xl65" style="font-size: 12px; line-height: 18px; padding: 0px;" width="234">UNIVERSITAS PENDIDIKAN INDONESIA</td>\r\n<td class="xl65" style="font-size: 12px; line-height: 18px; padding: 0px;" width="320">MANAJEMEN</td>\r\n</tr>\r\n<tr style="font-size: 12px; line-height: 18px; padding: 0px;" bgcolor="#DEDEDE">\r\n<td class="xl63" style="font-size: 12px; line-height: 18px; padding: 0px;" height="53">65</td>\r\n<td class="xl64" style="font-size: 12px; line-height: 18px; padding: 0px;" width="90">4130735727</td>\r\n<td class="xl68" style="font-size: 12px; line-height: 18px; padding: 0px;" width="280">ZIYADUR RIFQI ULUL ALBAB</td>\r\n<td class="xl64" style="font-size: 12px; line-height: 18px; padding: 0px;" width="115">IPS/XII IPS 2</td>\r\n<td class="xl65" style="font-size: 12px; line-height: 18px; padding: 0px;" width="234">UNIVERSITAS PADJADJARAN</td>\r\n<td class="xl65" style="font-size: 12px; line-height: 18px; padding: 0px;" width="320">SASTRA ARAB</td>\r\n</tr>\r\n</tbody>\r\n</table>\r\n<p>&nbsp;</p>', 'uploads/images/9.jpg', 'uploads/thumbnails/9_thumb.jpg', 'daftar-siswa-yang-diterima-ptn-(snmptn-2013)', 1);
INSERT INTO `tbl_post` (`ID`, `JUDUL`, `TGL_INPUT`, `PENGIRIM`, `KATEGORI`, `DESKRIPSI`, `IMAGE`, `THUMBNAIL`, `URL`, `STATUS`) VALUES
(36, 'Baksos OSIS dan MPK 2015', '2015-10-18', 15, 1, '<p><span style="color: #000000; font-family: Arial, Helvetica, sans-serif; font-size: 13px; font-style: normal; font-variant: normal; font-weight: normal; letter-spacing: normal; line-height: normal; orphans: auto; text-align: start; text-indent: 0px; text-transform: none; white-space: normal; widows: 1; word-spacing: 0px; -webkit-text-stroke-width: 0px; display: inline !important; float: none;">Pada tanggal 24 Juni 2015, OSIS dan MPK SMA Negeri 2 Bandung mengadakan Baksos ke Cikole, Lembang. Kegiatan tersebut didampingi oleh Tim Kesiswaan dari jajaran guru - guru SMA Negeri 2 Bandung. Selain kegiatan baksos ini, OSIS dan MPK juga mengadakan buka bersama di pesantren yang ada disana.</span></p>', 'uploads/images/10.jpg', 'uploads/thumbnails/10_thumb.jpg', 'baksos-osis-dan-mpk-2015', 1),
(37, 'Mulailah Menulis..!!', '2015-10-18', 16, 2, '<p style="color: #000000; font-family: Arial, Helvetica, sans-serif; font-size: 13px; font-style: normal; font-variant: normal; font-weight: normal; letter-spacing: normal; line-height: normal; orphans: auto; text-indent: 0px; text-transform: none; white-space: normal; widows: 1; word-spacing: 0px; -webkit-text-stroke-width: 0px; text-align: justify;"><span style="font-family: ''times new roman'', times; font-size: medium;"><strong>"MENANGIS"</strong><span class="Apple-converted-space">&nbsp;</span>merupakan keterampilan berbahasa yang pertama kali terungkap pada diri manusia ketika terlahir ke dunia.&nbsp; Sungguh hal tersebut merupakan sebuah anugerah yang sangat mahal yang telah diberikan oleh Tuhan kepada manusia.&nbsp; Manusia seakan sudah menyepakati, ketika bayi terlahir dalam keadaan "menangis", hal tersebut merupakan sebuah pertanda bahwa bayi tersebut berada dalam kondisi sehat.&nbsp; "Menangis" sebagai ungkapan reaksi karena bayi merespons rangsangan atau aksi yang telah ia terima.</span></p>\r\n<p style="color: #000000; font-family: Arial, Helvetica, sans-serif; font-size: 13px; font-style: normal; font-variant: normal; font-weight: normal; letter-spacing: normal; line-height: normal; orphans: auto; text-indent: 0px; text-transform: none; white-space: normal; widows: 1; word-spacing: 0px; -webkit-text-stroke-width: 0px; text-align: justify;"><span style="font-family: ''times new roman'', times; font-size: medium;">&nbsp;&nbsp;&nbsp;&nbsp;&nbsp;&nbsp; Dalam pembelajaran berbahasa, menangis merupakan sebuah representasi dari salah satu mata rantai "Keterampilan Berbahasa" yaitu "Berbicara".&nbsp; Secara alami, manusia melakukan proses pemerolehan atau pembelajaran berbahasa melalui empat tahap, yaitu Menyimak, Berbicara, Membaca, dan Menulis.&nbsp; Kita akan mampu berbicara jika kita mampu menyimak, dan kita akan mampu menulis jika kita mampu membaca.</span></p>\r\n<p style="color: #000000; font-family: Arial, Helvetica, sans-serif; font-size: 13px; font-style: normal; font-variant: normal; font-weight: normal; letter-spacing: normal; line-height: normal; orphans: auto; text-indent: 0px; text-transform: none; white-space: normal; widows: 1; word-spacing: 0px; -webkit-text-stroke-width: 0px; text-align: justify;"><span style="font-family: ''times new roman'', times; font-size: medium;">&nbsp;&nbsp;&nbsp;&nbsp;&nbsp; Namun, sungguh sangat kita sayangkan apabila kita sebagai manusia cukup merasa puas dengan hanya memiliki dua keterampilan berbahasa saja, yaitu Menyimak dan Berbicara, sedangkan keterampilan Membaca dan Menulis sering kali kita abaikan.&nbsp; Padahal, menulis merupakan tahapan tertinggi dalam proses berbahasa.&nbsp; Mengapa banyak manusia yang tidak berusaha menggali potensi "Menulis" dan mewujudkannya menjadi sebuah keterampilan?</span></p>\r\n<p style="color: #000000; font-family: Arial, Helvetica, sans-serif; font-size: 13px; font-style: normal; font-variant: normal; font-weight: normal; letter-spacing: normal; line-height: normal; orphans: auto; text-indent: 0px; text-transform: none; white-space: normal; widows: 1; word-spacing: 0px; -webkit-text-stroke-width: 0px; text-align: justify;"><span style="font-family: ''times new roman'', times; font-size: medium;">&nbsp;&nbsp;&nbsp;&nbsp;&nbsp;&nbsp; Bung Tomo, kita kenal sebagai motor perjuangan arek-arek Suroboyo dalam peristiwa pertempuran 10 November sehingga diperingati sebagai Hari pahlawan.&nbsp; Bung Karno, Proklamator Kemerdekaan, menjadi Presiden Negara Kesatuan Republik Indonesia.&nbsp; Mereka lebih kita kenal sebagai orator yang ulung.&nbsp; Namun, nilai-nilai semangat perjuangan yang mereka miliki seakan hanya terasa lebih dahsyat oleh orang-orang yang ada di sekitar mereka pada saat itu.&nbsp; Kita sebagai generasi penerus bangsa kurang merasakan gaungnya karena kita tidak dapat memahami lebih jauh lagi akan pribadi, karakter, dan pemikirannya.</span></p>\r\n<p style="color: #000000; font-family: Arial, Helvetica, sans-serif; font-size: 13px; font-style: normal; font-variant: normal; font-weight: normal; letter-spacing: normal; line-height: normal; orphans: auto; text-indent: 0px; text-transform: none; white-space: normal; widows: 1; word-spacing: 0px; -webkit-text-stroke-width: 0px; text-align: justify;"><span style="font-family: ''times new roman'', times; font-size: medium;">&nbsp;&nbsp;&nbsp;&nbsp;&nbsp; Tidak dapat kita pungkiri ternyata dunia ini berubah karena tulisan berpengaruh sangat besar.&nbsp; George Walker Bush mampu menginvasi Afghanistan dan Irak, serta berani mengancam Iran dan Suriah karena terinspirasi oleh buku<span class="Apple-converted-space">&nbsp;</span><em>Clash Civilization</em><span class="Apple-converted-space">&nbsp;</span>karya Samuel Huntington. Karya tulis terbukti ampuh memiliki efek yang lebih lama daripada pidato.</span></p>\r\n<p style="color: #000000; font-family: Arial, Helvetica, sans-serif; font-size: 13px; font-style: normal; font-variant: normal; font-weight: normal; letter-spacing: normal; line-height: normal; orphans: auto; text-indent: 0px; text-transform: none; white-space: normal; widows: 1; word-spacing: 0px; -webkit-text-stroke-width: 0px; text-align: justify;"><br /><span style="font-size: medium;"><span style="font-family: ''times new roman'', times;">&nbsp;&nbsp;&nbsp;&nbsp;&nbsp;&nbsp; Bukanlah hal yang absurd apabila empat tahap proses pemerolehan berbahasa kita balik menjadi Menulis, Membaca, Berbicara, dan Menyimak. Tidak berdosa bukan?&nbsp; Kita jadikan "Keterampilan Menulis" sebagai kerbau sehingga Membaca, Berbicara, dan Menyimak kita jadikan talinya.&nbsp; Sudah menjadi hal yang lumrah jika kita membeli kerbau, talinya pun turut kita miliki.&nbsp; Namun, ketika kita membeli tali, tidak otomatis kita memiliki kerbau.&nbsp; Jadikanlah Menulis sebagai kebutuhan pokok sehingga mau tidak</span><span class="Apple-converted-space">&nbsp;</span><span style="font-family: ''times new roman'', times;">mau kita pun melakukan proses membaca, berbicara, dan menyimak!&nbsp; Apabila kita telah merasa puas menikmati kepandaian dalam berbicara, jangankan mahir menulis, membaca pun menjadi pantangan.&nbsp; Hal inilah yang sedang terjadi di negeri tercinta ini, khususnya dalam dunia pendidikan.</span></span></p>\r\n<p style="color: #000000; font-family: Arial, Helvetica, sans-serif; font-size: 13px; font-style: normal; font-variant: normal; font-weight: normal; letter-spacing: normal; line-height: normal; orphans: auto; text-indent: 0px; text-transform: none; white-space: normal; widows: 1; word-spacing: 0px; -webkit-text-stroke-width: 0px; text-align: justify;"><span style="font-family: ''times new roman'', times; font-size: medium;">&nbsp;&nbsp;&nbsp;&nbsp;&nbsp;&nbsp; Ketika kita menghendaki pandai berenang, mengemudi, atau bersepeda, tidak cukup hanya belajar "teori" tentang berenang, mengemudi, atau bersepeda.&nbsp; Kita harus berlatih berenang, mengemudi, atau bersepeda. Iris Murdoch, seorang filsuf dan penulis, mengungkapkan "Hanya dengan mencintai kita dapat belajar mencintai"!&nbsp; Menulis adalah tindakan konkret dan praktis.&nbsp; Agar mampu menulis, seseorang harus menulis.&nbsp; Hanya dengan menulis kita dapat belajar menulis.&nbsp; Tanpa melakukannya, kita tidak akan pernah mampu menulis.</span></p>\r\n<p style="color: #000000; font-family: Arial, Helvetica, sans-serif; font-size: 13px; font-style: normal; font-variant: normal; font-weight: normal; letter-spacing: normal; line-height: normal; orphans: auto; text-indent: 0px; text-transform: none; white-space: normal; widows: 1; word-spacing: 0px; -webkit-text-stroke-width: 0px; text-align: justify;"><span style="font-family: ''times new roman'', times; font-size: medium;">&nbsp;&nbsp;&nbsp;&nbsp;&nbsp;&nbsp; Kemampuan menulis tidak bergantung kepada bakat.&nbsp; Orang yang tidak berbakat pun bisa menjadi penulis jika ia mau berlatih menulis.&nbsp; Bakat adalah urusan orang-orang terpilih, urusan segelintir orang yang mendapat berkah.&nbsp; Adapun kemampuan menulis diperkenankan bagi siapa pun, tak kenal kasta, status sosial-ekonomi, tak kenal suku dan agama, tak peduli pimpinan atau bawahan.</span></p>\r\n<p style="color: #000000; font-family: Arial, Helvetica, sans-serif; font-size: 13px; font-style: normal; font-variant: normal; font-weight: normal; letter-spacing: normal; line-height: normal; orphans: auto; text-indent: 0px; text-transform: none; white-space: normal; widows: 1; word-spacing: 0px; -webkit-text-stroke-width: 0px; text-align: justify;"><span style="font-family: ''times new roman'', times; font-size: medium;">&nbsp;&nbsp;&nbsp;&nbsp;&nbsp;&nbsp; Segala aktivitas pasti memliki hambatan dan tantangan, tidak terkecuali menulis.&nbsp; Mulailah dengan menulis secara bebas!&nbsp; Peter Elbow, Direktur Program Menulis di University of Massachusetts, berpendapat bahwa dengan "menulis bebas", orang dapat mengatasi keengganan dan ketakutan untuk menulis.&nbsp; Tuliskanlah apa pun yang terlintas di benak kita.&nbsp; Dalam latihan ini, kita disarankan untuk menuangkan dalam bentuk tulisan, apa pun yang kita pikirkan, termasuk ketidakmampuan kita dalam menulis.</span></p>\r\n<p style="color: #000000; font-family: Arial, Helvetica, sans-serif; font-size: 13px; font-style: normal; font-variant: normal; font-weight: normal; letter-spacing: normal; line-height: normal; orphans: auto; text-indent: 0px; text-transform: none; white-space: normal; widows: 1; word-spacing: 0px; -webkit-text-stroke-width: 0px; text-align: justify;"><span style="font-family: ''times new roman'', times; font-size: medium;">&nbsp;&nbsp;&nbsp;&nbsp;&nbsp;&nbsp; Belajarlah menulis sejak dini dengan membiasakan mengisi buku harian.&nbsp; Dalam sebuah institusi pendidikan, proses berlatih menulis dapat kita kembangkan melalui majalah dinding, buletin, jurnal, majalah internal, atau surat kabar komunitas.&nbsp; Dalam era kesejagatan ini kita harus memulai mencintai manfaat positif internet.&nbsp; Melalui situs dan blog, kita dapat mengembangkan tulisan yang<em><span class="Apple-converted-space">&nbsp;</span>go public</em>.&nbsp; Apalagi dalam dunia pendidikan saat ini, guru dituntut untuk mulai mencintai kegiatan tulis-menulis, dengan keberadaan<span class="Apple-converted-space">&nbsp;</span><em>e-book</em>.&nbsp; Marilah kita ubah dunia ke arah yang lebih beradab dan manusiawi...!!</span></p>\r\n<p style="color: #000000; font-family: Arial, Helvetica, sans-serif; font-size: 13px; font-style: normal; font-variant: normal; font-weight: normal; letter-spacing: normal; line-height: normal; orphans: auto; text-indent: 0px; text-transform: none; white-space: normal; widows: 1; word-spacing: 0px; -webkit-text-stroke-width: 0px; text-align: justify;">&nbsp;</p>\r\n<p style="color: #000000; font-family: Arial, Helvetica, sans-serif; font-size: 13px; font-style: normal; font-variant: normal; font-weight: normal; letter-spacing: normal; line-height: normal; orphans: auto; text-indent: 0px; text-transform: none; white-space: normal; widows: 1; word-spacing: 0px; -webkit-text-stroke-width: 0px; text-align: right;">&nbsp;<br /><span style="font-family: ''times new roman'', times; font-size: medium;"><em><strong>Oleh Kusnadi Khidhir, S.Pd.</strong></em></span></p>\r\n<p style="color: #000000; font-family: Arial, Helvetica, sans-serif; font-size: 13px; font-style: normal; font-variant: normal; font-weight: normal; letter-spacing: normal; line-height: normal; orphans: auto; text-indent: 0px; text-transform: none; white-space: normal; widows: 1; word-spacing: 0px; -webkit-text-stroke-width: 0px; text-align: right;"><span style="font-size: medium;"><em><span style="font-family: ''times new roman'', times;">(Pernah dimuat dalam tabloid Aksi Guru)</span></em></span></p>\r\n<p>&nbsp;</p>', 'uploads/images/11.jpg', 'uploads/thumbnails/11_thumb.jpg', 'mulailah-menulis..!!', 1),
(38, 'Studi Banding OSIS dan MPK ke SMA Negeri 70 Jakarta', '2015-10-18', 17, 1, '<p style="text-align: center;"><span style="color: #000000; font-family: Arial, Helvetica, sans-serif; font-size: 13px; font-style: normal; font-variant: normal; font-weight: normal; letter-spacing: normal; line-height: normal; orphans: auto; text-align: start; text-indent: 0px; text-transform: none; white-space: normal; widows: 1; word-spacing: 0px; -webkit-text-stroke-width: 0px; display: inline !important; float: none;">Pada tanggal 29 April 2015, OSIS dan MPK SMA Negeri 2 Bandung melakukan studi bandung ke SMA Negeri 70 Jakarta. Kehangatan mulai terasa saat memasuki gerbang sekolah, begitu pun saat masuk ke dalam sekolah. Kami langsung disambut oleh Kepala Sekolah SMA Negeri 70 Jakarta, Bpk. Drs. H. Endang Hidayat, M.Ed, Ibu Istiqomah selaku pembina osis, beserta staff dan jajarannya. Vocal Group dan Tari Salman menyambut kami dengan sangat meriah. Siswa/Siswi sangat antusias dalam studi banding ini, kemudian mereka melakukan sharing tentang program kerja, event masing- masing sekolah. Acara ditutup dengan makan siang bersama dan berfoto bersama. Terima kasih atas kehangatan SMA Negeri 70 Jakarta, semoga studi banding ini bisa saling memberikan saran dan menumbuhkan tali persaudaraan. Kami tunggu OSIS dan MPK SMA Negeri 70 Jakarta di Cihampelas 173.</span></p>', 'uploads/images/12.jpg', 'uploads/thumbnails/12_thumb.jpg', 'studi-banding-osis-dan-mpk-ke-sma-negeri-70-jakarta', 1),
(39, 'Keranjang Takakura, Keranjang Ajaib', '2015-10-18', 18, 2, '<p>Dalam kehidupan sehari-hari, sering kali kita kebingungan untuk menanggulangi sampah-sampah rumah tangga yang jika dibiarkan, akan membusuk dan berbau. Membuangnya pun hanya akan menambah jumlah tumpukan sampah di dunia. Jika sampah-sampah ini ditumpuk di TPA(Tempat Pembuangan Akhir), hanya akan membahayakan saja. Seperti kasus di TPA Leuwigajah, runtuhnya tumpukkan sampah yang terlalu tinggi ini, diakibatkan dari reaksi gas-gas yang bercampur dan terkena panas matahari, meledak dan membuat gunung sampah ini runtuh. Tentunya kita tidak mau jika kejadian ini sampai terjadi terulang kembali bukan?</p>\r\n<p>Nah, saya akan memperkenalkan metode mudah dalam pembuatan kompos yang dinamakan Keranjang Takakura. Keranjang Takakura merupakan keranjang yang menghasilkan kompos rumah tangga yang cukup mudah dan murah untuk dibuat oleh setiap individu. Tidak serumit kompos-kompos yang kita ketahui pada umumnya, kompos ini membutuhkan jangka waktu yang relatif cepat, hanya berkisaran kurang dari 1 bulan. Cara pembuatannya pun juga mudah, berasal dari sampah-sampah organik rumah tangga yang sering kita jumpai, semisal sisa makanan dan sisa buah-buahan. Dan dari keranjang Takakura ini lah, dihasilkan kompos Takakura.</p>\r\n<p>Penamaan awal dari kompos Takakura ini karena tempat yang digunakan merupakan keranjang Takakura, semacam tempat sampah kecil dengan sisi berlubang. Inovasi ini dicetuskan pertama kali oleh Pusdakota bersama Pemerintah Kota Surabaya, Kitakyusu International Techno-cooperative Association, dan Pemerintahan Kitakyusu Jepang pada tahun 2005. Setelah ditemukan, cara ini disebarluaskan dan cukup terkenal karena kemudahannya. Dan nampaknya, sosialisasi ini cukup membantu permasalahan sampah dalam tingkat rumah tangga.</p>\r\n<p>Cara membuat kompos Takakura ini cukup mudah. Yang perlu kita siapkan adalah sayur-sayuran sisa atau makanan sisa yang belum basi. Misalkan sudah basi pun, tinggal dicuci lalu diperas untuk menghilangkan kandungan asamnya. Setelah itu, kita siapkan keranjang sampah berpori atau keranjang Takakura. Di dalam keranjang itu, kita lapisi lagi dengan kardus bekas. Gunanya kardus bekas itu, selain mencegah isi keranjang keluar melalui lubang, yaitu sebagai penyerap ketika isi terlalu basah. Di dasar nya, kita beri sekam yang dijadikan media awal untuk kompos. Setelah itu, campurkan mikroorganisme cair dengan air(gunakan takaran yang tepat) lalu seprotkan ke media sekam. Sekam-sekam tadi dimasukkan kedalam jaring/stocking yang sudah dijahit menyerupai tempat bantal, lalu masukkan sekam tadi, buat sebanyak 2 buah. Setelah itu, masukkan salah satu bantal sekam di dasar keranjang, lalu semprot isi keranjang baik kardus maupun bantal sekam dengan mikroorganisme cair tadi hingga basah merata. Lalu baru masukkan bahan kompos dengan ampas tebu dan campurkan sampai merata. Setelah itu, baru masukkan sampah-sampah organik yang sebelumnya telah dipotong kecil-kecil. Aduk hingga sampah-sampah organik itu berada di tengah-tengah. Setelah itu, tutup dengan bantal sekam yang satunya. Pada mulut keranjang, tutupi dengan plastik hitam yang telah diberi beberapa lubang. Gunanya adalah sebagai tempat keluar masuknya udara yang sangat penting bagi proses pengomposan. Lalu ditutup dan diamkan selama 1 minggu ditempat teduh. Jangan lupa untung mengaduknya 3-4 hari sekali. Setelah itu, pupuk siap digunakan.</p>\r\n<p>Namun bukan berarti digunakan semuanya, melainkan hanya 1/3 nya saja, karena 2/3 nya untuk dijadikan bibit kompos lagi. Selanjutnya, kita hanya tinggal menambahkan sampah organik dan alur dimulai lagi sampai kembali menjadi kompos baru. Kompos-kompos ini selain bisa digunakan untuk keperluan sendiri, juga bisa dikomersilkan, yaitu dengan cara menjualnya. Kalau memang tujuan kita menggunakan keranjang Takakura adalah untuk menjual komposnya, maka lebih baik kita memiliki lebih dari 2 keranjang Takakura supaya hasil yang didapatkan lebih banyak.</p>\r\n<p>Manfaat keranjang Takakura ini selain untuk keperluan pribadi dan komersil, juga tanpa sadar kita sudah mengurangi jumlah sampah yang ada, karena sampah yang ada sudah kita manfaatkan dan tidak terbuang percuma. Kita juga membantu menyuburkan tanah, karena kompos merupakan tanah yang mengandung zat hara yang sangat kaya. Ada juga kita memperbaiki kualitas air tanah, karena air tanah yang sudah tercemar, diperbaiki strukturnya oleh tanah kompos tersebut. Kita juga sudah mengurangi pencemaran udara, yang biasanya dihasilkan dari bau-bauan sampah yang menumpuk sehingga mengganggu masyarakat. Selain itu, kita juga sudah menghindari sumber penyakit dari sampah yang menumpuk, karena sampah yang menumpuk seringkali mengundang hewan pembawa penyakit, seperti lalat, tikus dan nyamuk. Kita juga jadi berhemat uang, yang terkadang kita belikan untuk membeli kompos, kini tidak perlu lagi karena kita sudah bisa membuatnya sendiri. Apalagi kualitas kompos yang kita buat, bisa kita atur sesuai keinginan kita. Betul bukan?</p>\r\n<p>Ternyata banyak sekali manfaat yang bisa kita dapatkan dari hasil keranjang Takakura ini ya. Ini menandakan, bahwa sesuatu yang kecil bisa menghasilkan sesuatu yang berharga. Sudah murah, mudah dan hemat, betul bukan? Tapi semua ini tetap saja tidak akan terlaksana kalau kita sendiri tidak mau berusaha untuk mencapainya. Oleh karena itu, mari kita menjaga kebersiha lingkungan, dimulai dari sesuatu yang kecil seperti membuang sampah pada tempatnya. Dilanjutkan dengan memisahkan sampah Organik dan Anorganik. Setelah itu, barulah kita memanfaatkan keduanya, salah satunya lewat metode keranjang Takakura ini. Baiklah, sekian dari saya. Semoga bermanfaat bgi kita semua.&nbsp;***</p>', 'uploads/images/13.jpg', 'uploads/thumbnails/13_thumb.jpg', 'keranjang-takakura,-keranjang-ajaib', 1),
(40, 'Pelepasan Siswa Tahun Ajaran 2014-2015', '2015-10-18', 19, 1, '<p><span style="color: #000000; font-family: Arial, Helvetica, sans-serif; font-size: 13px; font-style: normal; font-variant: normal; font-weight: normal; letter-spacing: normal; line-height: normal; orphans: auto; text-align: justify; text-indent: 0px; text-transform: none; white-space: normal; widows: 1; word-spacing: 0px; -webkit-text-stroke-width: 0px; display: inline !important; float: none;">Dengan diawali bismillah dan diakhiri dengan hamdalah, pada tanggal 21 Mei 2015 Pelepasan Siswa Tahun Ajaran 2014-2015 berjalan dengan penuh rasa suka cita,dihadiri oleh Dr. Hj. Sundari M.Pd selaku Kepala Sekolah beserta seluruh Wakil Kepala sekolah, Wali Kelas, Guru - Guru, Staff dan jajarannya, dan tamu - tamu undangan Drs. H. Supanda. M.Pd mewakili Kepala Dinas Kota Bandung, Drs. H. Nanang K. M.M.Pd selaku Pengawas Pembina, Bapak Agung mewakili Ketua IKA, Drs. H. Dudun A selaku Ketua Komite, dan seluruh Orang Tua Siswa yang telah hadir dalam acara ini. Terima kasih atas kedatangan beliau - beliau yang menambah kehikmatan dan kemeriahan acara tersebut. Semoga anak didik kami bisa menjadi penerus - penerus yang bermanfaat bagi sekitar dan bangsa. Amin.</span></p>', 'uploads/images/8.jpg', 'uploads/thumbnails/8_thumb.jpg', 'pelepasan-siswa-tahun-ajaran-2014-2015', 1),
(41, 'Rapat Dinas 2015/2016', '2015-10-18', 14, 3, '<p style="text-align: center;"><span style="color: #000000; font-family: Arial, Helvetica, sans-serif; font-size: 12px; font-style: normal; font-variant: normal; font-weight: normal; letter-spacing: normal; line-height: 18px; orphans: auto; text-align: -webkit-center; text-indent: 0px; text-transform: none; white-space: normal; widows: 1; word-spacing: 0px; -webkit-text-stroke-width: 0px; display: inline !important; float: none;">Ibu Dra. Enung Nurhayati selaku Wakasek Humas menutup acara rapat dinas.</span></p>', 'uploads/images/b.jpg', 'uploads/thumbnails/b_thumb.jpg', 'rapat-dinas-2015/2016', 1),
(42, 'Rapat Dinas 2015/2016 [ 10-08-2015 ]', '2015-10-18', 14, 3, '<p style="text-align: center;"><span style="color: #000000; font-family: Arial, Helvetica, sans-serif; font-size: 12px; font-style: normal; font-variant: normal; font-weight: normal; letter-spacing: normal; line-height: 18px; orphans: auto; text-align: -webkit-center; text-indent: 0px; text-transform: none; white-space: normal; widows: 1; word-spacing: 0px; -webkit-text-stroke-width: 0px; display: inline !important; float: none;">Ibu Dra. Hj. Poppie K., M.Pd (Wakasek Sarana) menjelaskan sarana prasana sekolah.</span></p>', 'uploads/images/bb.jpg', 'uploads/thumbnails/bb_thumb.jpg', 'rapat-dinas-2015/2016-[-10-08-2015-]', 1),
(43, 'Rapat Dinas 2015/2016 [ 10-08-2015 ]', '2015-10-18', 14, 3, '<p style="text-align: center;"><span style="color: #000000; font-family: Arial, Helvetica, sans-serif; font-size: 12px; font-style: normal; font-variant: normal; font-weight: normal; letter-spacing: normal; line-height: 18px; orphans: auto; text-align: -webkit-center; text-indent: 0px; text-transform: none; white-space: normal; widows: 1; word-spacing: 0px; -webkit-text-stroke-width: 0px; display: inline !important; float: none;">Ibu Hj. Suhastini, S.Pd. MM. (Wakasek Kesiswaan) menjelaskan ketertiban dan kedisiplinan bagi siswa/i.</span></p>', 'uploads/images/bbb.jpg', 'uploads/thumbnails/bbb_thumb.jpg', 'rapat-dinas-2015/2016-[-10-08-2015-]', 1),
(44, 'Rapat Dinas 2015/2016 [ 10-08-2015 ]', '2015-10-18', 14, 3, '<p style="text-align: center;"><span style="color: #000000; font-family: Arial, Helvetica, sans-serif; font-size: 12px; font-style: normal; font-variant: normal; font-weight: normal; letter-spacing: normal; line-height: 18px; orphans: auto; text-align: -webkit-center; text-indent: 0px; text-transform: none; white-space: normal; widows: 1; word-spacing: 0px; -webkit-text-stroke-width: 0px; display: inline !important; float: none;">Penjelesan dari Bpk. H. Solihin, M.Pd (Wakasek Kurikulum) mengenai ketua MGMP masing - masing mata pelajaran.</span></p>', 'uploads/images/bbbb.jpg', 'uploads/thumbnails/bbbb_thumb.jpg', 'rapat-dinas-2015/2016-[-10-08-2015-]', 1),
(45, 'Rapat Dinas 2015/2016 [ 10-08-2015 ]', '2015-10-18', 16, 3, '<p style="text-align: center;"><span style="color: #000000; font-family: Arial, Helvetica, sans-serif; font-size: 12px; font-style: normal; font-variant: normal; font-weight: normal; letter-spacing: normal; line-height: 18px; orphans: auto; text-align: -webkit-center; text-indent: 0px; text-transform: none; white-space: normal; widows: 1; word-spacing: 0px; -webkit-text-stroke-width: 0px; display: inline !important; float: none;">Sambutan dari Dr. Hj. Sundari, M.Pd. selaku Kepala Sekolah pada rapat dinas 2015/2016.</span></p>', 'uploads/images/cc.jpg', 'uploads/thumbnails/cc_thumb.jpg', 'rapat-dinas-2015/2016-[-10-08-2015-]', 1),
(46, 'Rapat Dinas 2015/2016 [ 10-08-2015 ]', '2015-10-18', 14, 3, '', 'uploads/images/a.jpg', 'uploads/thumbnails/a_thumb.jpg', 'rapat-dinas-2015/2016-[-10-08-2015-]', 1),
(47, 'Rapat Dinas 2015/2016 [ 10-08-2015 ]', '2015-10-18', 14, 3, '', 'uploads/images/aa.jpg', 'uploads/thumbnails/aa_thumb.jpg', 'rapat-dinas-2015/2016-[-10-08-2015-]', 1),
(48, 'Rapat Dinas 2015/2016 [ 10-08-2015 ]', '2015-10-18', 15, 3, '', 'uploads/images/aaa.jpg', 'uploads/thumbnails/aaa_thumb.jpg', 'rapat-dinas-2015/2016-[-10-08-2015-]', 1),
(49, 'Rapat Dinas 2015/2016 [ 10-08-2015 ]', '2015-10-18', 19, 3, '', 'uploads/images/bbbb1.jpg', 'uploads/thumbnails/bbbb1_thumb.jpg', 'rapat-dinas-2015/2016-[-10-08-2015-]', 1);

-- --------------------------------------------------------

--
-- Table structure for table `tbl_setting`
--

CREATE TABLE IF NOT EXISTS `tbl_setting` (
  `ID` tinyint(2) NOT NULL AUTO_INCREMENT,
  `IMAGE_HOME` varchar(255) NOT NULL,
  `ABOUT` text NOT NULL,
  `VISI_MISI` text NOT NULL,
  `STATUS` tinyint(1) NOT NULL,
  PRIMARY KEY (`ID`)
) ENGINE=InnoDB  DEFAULT CHARSET=latin1 AUTO_INCREMENT=2 ;

--
-- Dumping data for table `tbl_setting`
--

INSERT INTO `tbl_setting` (`ID`, `IMAGE_HOME`, `ABOUT`, `VISI_MISI`, `STATUS`) VALUES
(1, 'uploads/images/smanegri2.jpg', '<div class="col-md-12 col-sm-12">\n<p style="text-align: center;"><strong><span style="font-size: medium;">Sejarah Singkat SMA Negeri 2 Bandung</span></strong></p>\n<p>&nbsp;</p>\n<p style="text-align: justify;"><span style="font-size: small;">Kota Bandung adalah kota yang paling banyak memiliki berbagai julukan, seperti Paris van Java, Kota Bunga, Kota Bandung Lautan Api, Kota Kuliner, Kota Wisata, Kota Pendidikan, Kota Kreatif, Kota Seniman, dll. Dengan ketinggian 700 m di atas permuakaan laut, kota ini bermula dari tempat pelesiran bangsawan Belanda di jaman penjajahan dulu. Dengan udaranya yang terbilang sejuk, kota ini menjadi dambaan banyak orang untuk mengeyam pendidikan di kota Bandung. Sebagai contoh, ITB adalah salah satu icon pendidikan yang ada di Indonesia dan beberapa perguruan tinggi terkenal lainnya.</span></p>\n<p style="text-align: justify;"><span style="font-size: small;">&nbsp;</span></p>\n<p style="text-align: justify;"><span style="font-size: small;">SMA Negeri 2 Bandung berdiri dengan resmi tahun 1949 diprakarsai oleh Thio Anio sekaligus bertindak sebagai Kepala Sekolah. Pada saat berdirinya SMAN 2 Bandung berlokasi di Jl. Kasatrian, di gedung SMPN 1 yang lokasinya berdekatan dengan SD Douwes Decker. Tetapi hal ini hanya berlangsung beberapa bulan saja. Pada tahun yang sama, SMAN 2 Bandung pindah ke Jl. Belitung No. 08, yang saat ini digunakan oleh SMAN 3 Bandung dan SMAN 5. Pada awalnya SMAN 2 disebut SMA B yang merupakan bagian dari AMS sie B, atau eksakta yang mengutamakan pelajaran Matematika dan Fisika. Pada tanggal 2 Agustus 1952 resmi berdiri SMAN 2 BANDUNG.</span></p>\n<div style="text-align: justify;"><span style="font-size: small;">&nbsp;</span></div>\n<div style="text-align: justify;"><span style="font-size: small;">Pada tahun 1966 terjadi pergolakan fisik yang hebat dan kampus sekolah Cina berada di Jalan Cihampelas pun berhasil direbut oleh pejuang muda. Sejarah itulah yang mengawali berpindahnya SMA 2 dari Jalan Belitung ke Jalan Cihampelas hingga sekarang.<br /><br /></span></div>\n<p><span style="font-size: small;">Dalam perjalanan SMA Negeri 2 Bandung hingga sekarang, beberapa kali dipercaya untuk membina persiapan pembentukan SMA Negeri baru, diantaranya adalah SMA Negeri 3, 15 dan SMA Negeri 23 Bandung. Dalam kurun waktu yang panjang itulah sekian banyak nama Kepala Sekolah yang memimpin SMAN 2 Bandung, yakni sebagai berikut :</span></p>\n<p><span style="font-size: small;"><br /></span> <span style="font-size: small;">1. &nbsp;Thio Anio ( 1949-1951 )</span><strong><span style="font-size: small;"> <br /></span></strong><span style="font-size: small;">2. &nbsp;H. Djusar ( 1951 &ndash; 1952 )</span><span style="font-size: small;"><br />3. &nbsp;M. Entoem ( 1952 &ndash; 1965 )<br />4. &nbsp;Drs. Singgih Wiraharja ( 1965)<br />5. &nbsp;Drs. Ibnu Hadi ( 1965, PYMT ) <br />6. &nbsp;Drs. Sabar Bratakoesoemah (1965 &ndash; 1966) <br />7. &nbsp;Drs. Nana Kusnadi ( 1966 ) <br />8. &nbsp;Drs. Ibnu Hadi ( 1966 &ndash; 1968, PYMT ) <br />9.&nbsp; Drs. Ibnu Hadi ( 1968-1974 ) <br />10. Drs. Ahmad hamid ( 1974-1982 ) <br />11. Drs. Dono Yusuf ( 1982-1987 ) <br />12. Drs. E. Mulyadi ( 1987-1990 )<br />13. Drs. Ihot Muslihat ( 1990-1994 )&nbsp;<br />14. H. Ena Sumpena, BA ( 1994-1999 )&nbsp;&nbsp;<br />15. Drs. Ruhaedi W ( 1999-2003 )&nbsp;<br />16. Dra. Hj. Hasmiati (2003-2004, PLT)&nbsp;<br />17. Drs. Encang Iskandar, MPd ( 2004-2008)&nbsp;<br />18. H.Teddy Hidayat, S.Pd, M.M.Pd (2008-2012)<br /></span><span style="font-size: small;">19. Dr. Hj. Sundari, M.M.Pd</span></p>\n<p><span style="font-size: small;">Pada tahun 1994 sejak berlakunya kurikulum 1994, nama SMAN 2 berubah menjadi SMUN 2 Bandung, <br />dan 2004 berubah lagi menjadi SMAN 2 Bandung</span></p>\n</div>', '<p style="text-align: center;"><strong>VISI MISI DAN KEBIJAKAN MUTU</strong></p>\n<p>Visi :</p>\n<p>Sekolah Unggul yang Berdaya Saing Tinggi, Berpijak pada Agama, Budaya, dan Iptek, serta berwawasan Lingkungan</p>\n<p>Misi :</p>\n<p>1. Membentuk karakter dan kepribadian siswa yang bermartabat dan berjiwa Pancasila</p>\n<p>2. Mengembangkan potensi kecerdasan intelektual, emosional, dan spiritual</p>\n<p>3. Mengembangkan ilmu pengetahuan dan teknologi, seni, dan budaya yang unggul</p>\n<p>4. Meningkatkan profesionalisme tenaga pendidik dan kependidikan, dan akuntabilitas sekolah sebagai pusat pengembangan pendidikan berdasarkan standar nasional dan internasional</p>\n<p>5. Memberdayakan peran serta stakeholders dalam penyelenggaraan pendidikan yang bermutu dan berdaya saing global berdasarkan prinsip Manajemen Berbasis Sekolah (MBS).</p>\n<p><br />&nbsp;&nbsp;&nbsp; <br />Kebijakan Mutu<br /><br />1. Meningkatkan mutu sumber daya<br />2. Meningkatkan mutu peserta didik<br />3. Meningkatkan mutu pelayanan <br />4. Meningkatkan mutu sistem manajemen sekolah<br />5. Meningkatkan peran serta stakeholder</p>', 1);

-- --------------------------------------------------------

--
-- Table structure for table `tbl_siswa`
--

CREATE TABLE IF NOT EXISTS `tbl_siswa` (
  `ID` int(11) NOT NULL AUTO_INCREMENT,
  `NIS` varchar(20) NOT NULL,
  `NAMA` varchar(50) NOT NULL,
  `JENIS_KELAMIN` tinyint(1) NOT NULL,
  `ALAMAT` text NOT NULL,
  `TGL_LAHIR` date NOT NULL,
  `NO_HP` varchar(13) NOT NULL,
  `EMAIL` varchar(50) NOT NULL,
  `IMAGE` varchar(255) NOT NULL,
  `THUMBNAIL` varchar(255) NOT NULL,
  `LEVEL` tinyint(1) NOT NULL DEFAULT '3',
  `STATUS` tinyint(1) NOT NULL,
  PRIMARY KEY (`ID`)
) ENGINE=InnoDB  DEFAULT CHARSET=latin1 AUTO_INCREMENT=15 ;

--
-- Dumping data for table `tbl_siswa`
--

INSERT INTO `tbl_siswa` (`ID`, `NIS`, `NAMA`, `JENIS_KELAMIN`, `ALAMAT`, `TGL_LAHIR`, `NO_HP`, `EMAIL`, `IMAGE`, `THUMBNAIL`, `LEVEL`, `STATUS`) VALUES
(9, '10512001', 'Andi Rohandi', 1, '<p>Cimahi, Bandung</p>', '2015-10-25', '089690428099', 'andr@yahoo.com', 'uploads/images/no_image1.png', 'uploads/thumbnails/no_image1_thumb.png', 3, 1),
(10, '10512002', 'Arief Indraswanto', 1, '<p>Katapang, Soreang</p>', '2015-10-18', '089690428099', 'andirohandi.android@gmail.com', 'uploads/images/Chrysanthemum.jpg', 'uploads/thumbnails/Chrysanthemum_thumb.jpg', 3, 1),
(11, '10512003', 'Ari Aryandi', 1, '<p>Ujung Berung, Bandung</p>', '2015-10-25', '089690428099', 'andr@yahoo.com', 'uploads/images/no_image2.png', 'uploads/thumbnails/no_image2_thumb.png', 3, 1),
(12, '10512004', 'Rudy Beryl', 1, '<p>Padalarang</p>', '2015-10-18', '089690428099', 'andr@yahoo.com', 'uploads/images/Lighthouse.jpg', 'uploads/thumbnails/Lighthouse_thumb.jpg', 3, 1),
(13, '10512005', 'Aneu Veronica', 0, '<p>Garut</p>', '2015-10-18', '089690428099', 'andirohandi.android@gmail.com', 'uploads/images/Desert1.jpg', 'uploads/thumbnails/Desert1_thumb.jpg', 3, 1),
(14, '10512006', 'Tyara Bernika', 0, '<p>Garut</p>', '2015-10-18', '089690428099', 'andr0@yahoo.com', 'uploads/images/Jellyfish.jpg', 'uploads/thumbnails/Jellyfish_thumb.jpg', 3, 1);

-- --------------------------------------------------------

--
-- Table structure for table `tbl_user`
--

CREATE TABLE IF NOT EXISTS `tbl_user` (
  `ID` int(2) NOT NULL AUTO_INCREMENT,
  `USERNAME` varchar(50) NOT NULL,
  `PASSWORD` varchar(50) NOT NULL,
  `LEVEL` tinyint(1) NOT NULL,
  PRIMARY KEY (`ID`)
) ENGINE=InnoDB  DEFAULT CHARSET=latin1 AUTO_INCREMENT=16 ;

--
-- Dumping data for table `tbl_user`
--

INSERT INTO `tbl_user` (`ID`, `USERNAME`, `PASSWORD`, `LEVEL`) VALUES
(1, 'admin', '21232f297a57a5a743894a0e4a801fc3', 1),
(4, '1710201501', 'bb8b1fd5097682629554a55dde4cf50c', 2),
(5, '1710201502', '0ce6dfef8073034a4101fa37a6b6475b', 2),
(6, '1710201503', '9527e45b46234289d0fb2cef3e2d7515', 2),
(7, '1710201504', '965627fc402f6f9b55eee4342ed86252', 2),
(8, '1710201505', '7c573d8f20de592d94f572d280d246b5', 2),
(9, '1710201506', '36d16f4c23dfb18a9d051273192c30e0', 2),
(10, '10512001', '1798ca55a0e9eebb9d857d2fb2570651', 3),
(11, '10512002', '34314e520d5ee17201217dcbdcdf018c', 3),
(12, '10512003', '0a35f2029d1526087589baa1433336e9', 3),
(13, '10512004', '5aa720a1fa5ac00432018e649a3c9372', 3),
(14, '10512005', 'f67e42bf28632b0710697e132bfc9fca', 3),
(15, '10512006', 'aba597f8a4df9aa2ae11521ea0dbc1ce', 3);

/*!40101 SET CHARACTER_SET_CLIENT=@OLD_CHARACTER_SET_CLIENT */;
/*!40101 SET CHARACTER_SET_RESULTS=@OLD_CHARACTER_SET_RESULTS */;
/*!40101 SET COLLATION_CONNECTION=@OLD_COLLATION_CONNECTION */;
